City_ID,City,Country,Date,Lat,Lng,Max Temp,Humidity,Cloudiness,Wind Speed
0,Hermanus,ZA,2022-03-11 18:15:57,-34.4187,19.2345,78.8,77,100,4.34
1,Krasnoselkup,RU,2022-03-11 18:15:58,65.7,82.4667,-17.99,100,93,5.32
2,Kapaa,US,2022-03-11 18:15:58,22.0752,-159.319,75.52,82,40,6.91
3,Pangoa,PE,2022-03-11 18:15:59,-12.1167,-73.0,75.85,94,91,2.55
4,Bredasdorp,ZA,2022-03-11 18:15:59,-34.5322,20.0403,70.92,88,100,9.22
5,Jamestown,US,2022-03-11 18:12:18,42.097,-79.2353,48.02,41,100,12.66
6,Vaini,TO,2022-03-11 18:13:44,-21.2,-175.2,73.56,100,75,4.61
7,Castro,BR,2022-03-11 18:16:00,-24.7911,-50.0119,71.65,90,52,8.75
8,Lebu,CL,2022-03-11 18:15:12,-37.6167,-73.65,64.47,69,0,18.28
9,Husavik,IS,2022-03-11 18:16:02,66.0449,-17.3389,39.56,78,84,14.7
10,Beya,RU,2022-03-11 18:16:02,53.0533,90.9139,8.31,96,100,5.12
11,Ilheus,BR,2022-03-11 18:16:03,-14.7889,-39.0494,85.82,74,40,8.05
12,The Valley,AI,2022-03-11 18:16:04,18.217,-63.0578,82.26,65,40,18.41
13,Hobart,AU,2022-03-11 18:09:45,-42.8794,147.3294,57.06,80,46,8.05
14,Buin,CL,2022-03-11 18:16:05,-33.7333,-70.75,86.05,14,0,9.4
15,Lumphat,KH,2022-03-11 18:16:05,13.4878,106.9816,75.6,62,50,6.49
16,Butaritari,KI,2022-03-11 18:16:05,3.0707,172.7902,79.61,83,63,14.94
17,Hilo,US,2022-03-11 18:16:06,19.7297,-155.09,75.61,70,0,6.91
18,Morros,BR,2022-03-11 18:16:07,-9.4467,-46.3003,83.64,65,100,2.51
19,Rikitea,PF,2022-03-11 18:13:42,-23.1203,-134.9692,77.83,72,10,4.03
20,Pevek,RU,2022-03-11 18:16:07,69.7008,170.3133,-5.71,82,4,3.71
21,East London,ZA,2022-03-11 18:16:08,-33.0153,27.9116,76.14,88,0,14.97
22,Nome,US,2022-03-11 18:16:09,64.5011,-165.4064,23.07,39,0,11.5
23,Khromtau,KZ,2022-03-11 18:16:09,50.2503,58.4347,6.49,96,100,18.23
24,Wagar,SD,2022-03-11 18:16:10,16.1525,36.2032,78.06,52,82,21.21
25,Albany,US,2022-03-11 18:10:29,42.6001,-73.9662,48.58,70,100,4.0
26,Geraldton,AU,2022-03-11 18:16:10,-28.7667,114.6,70.21,88,56,0.0
27,Atar,MR,2022-03-11 18:16:11,20.5169,-13.0499,89.01,4,0,15.73
28,Mar Del Plata,AR,2022-03-11 18:10:17,-38.0023,-57.5575,66.22,65,40,17.0
29,Porto Novo,BJ,2022-03-11 18:16:12,6.4965,2.6036,85.82,73,73,10.09
30,Mataura,NZ,2022-03-11 18:15:11,-46.1927,168.8643,55.47,82,70,12.21
31,Atuona,PF,2022-03-11 18:13:37,-9.8,-139.0333,78.04,80,86,17.2
32,Cangucu,BR,2022-03-11 18:16:13,-31.395,-52.6756,70.81,51,97,10.56
33,Pitimbu,BR,2022-03-11 18:16:13,-7.4706,-34.8086,86.59,59,96,11.9
34,Beaverlodge,CA,2022-03-11 18:16:14,55.2166,-119.4361,30.31,89,100,5.82
35,Lompoc,US,2022-03-11 18:13:55,34.6391,-120.4579,70.12,43,0,4.0
36,Pokrovsk,UA,2022-03-11 18:16:15,48.282,37.1758,20.43,90,100,14.41
37,Thompson,CA,2022-03-11 18:15:01,55.7435,-97.8558,-3.84,54,20,13.8
38,New Iberia,US,2022-03-11 18:14:10,30.0035,-91.8187,68.07,77,100,4.61
39,Busselton,AU,2022-03-11 18:13:49,-33.65,115.3333,67.05,79,46,7.58
40,Swan Hill,AU,2022-03-11 18:16:16,-35.3378,143.5544,57.24,66,70,8.25
41,Ust-Maya,RU,2022-03-11 18:16:17,60.4167,134.5333,-15.47,100,94,1.57
42,Tuktoyaktuk,CA,2022-03-11 18:16:17,69.4541,-133.0374,-7.6,77,100,10.36
43,Moranbah,AU,2022-03-11 18:16:18,-22.0016,148.0466,73.04,87,20,18.84
44,Barrow,US,2022-03-11 18:13:28,71.2906,-156.7887,-0.38,78,100,5.75
45,Kuytun,RU,2022-03-11 18:16:19,54.3419,101.5036,-6.99,99,99,3.56
46,Punta Arenas,CL,2022-03-11 18:11:17,-53.15,-70.9167,53.62,62,75,13.8
47,Shingu,JP,2022-03-11 18:17:19,33.7333,135.9833,50.56,91,19,6.4
48,Honningsvag,NO,2022-03-11 18:17:20,70.9821,25.9704,35.35,69,40,10.36
49,Saint-Philippe,RE,2022-03-11 18:17:21,-21.3585,55.7679,80.19,83,46,10.87
50,Ostrovnoy,RU,2022-03-11 18:17:21,68.0531,39.5131,31.98,85,98,16.93
51,Mwanza,TZ,2022-03-11 18:17:22,-2.5167,32.9,75.97,62,89,7.92
52,Charters Towers,AU,2022-03-11 18:15:14,-20.1,146.2667,74.35,87,48,11.52
53,Carnarvon,AU,2022-03-11 18:13:54,-24.8667,113.6333,75.27,88,100,1.14
54,Tumbes,PE,2022-03-11 18:17:23,-3.5667,-80.4414,85.95,62,40,14.97
55,Murray Bridge,AU,2022-03-11 18:17:23,-35.1167,139.2667,55.13,72,28,2.15
56,Saint George,US,2022-03-11 18:17:25,37.1041,-113.5841,47.79,18,0,4.61
57,Fort Nelson,CA,2022-03-11 18:14:57,58.8053,-122.7002,9.99,67,100,4.61
58,Cherskiy,RU,2022-03-11 18:17:25,68.75,161.3,-8.16,81,7,3.36
59,San Patricio,US,2022-03-11 18:17:26,28.017,-97.5169,64.49,86,100,18.72
60,Jatara,IN,2022-03-11 18:17:26,25.0167,79.05,73.45,25,0,3.58
61,Sur,OM,2022-03-11 18:17:27,22.5667,59.5289,78.78,56,3,10.74
62,Bethel,US,2022-03-11 18:17:27,41.3712,-73.414,54.36,49,0,12.66
63,Sycamore,US,2022-03-11 18:13:21,41.9889,-88.6868,29.91,71,0,17.27
64,Kavieng,PG,2022-03-11 18:17:28,-2.5744,150.7967,81.45,73,100,4.94
65,Puerto Madero,MX,2022-03-11 18:17:29,14.7208,-92.4215,88.0,55,100,5.75
66,Puerto Escondido,MX,2022-03-11 18:17:20,15.85,-97.0667,81.43,65,0,8.05
67,Russell,US,2022-03-11 18:15:29,32.3502,-85.1999,61.97,86,100,5.75
68,Puerto Ayora,EC,2022-03-11 18:15:08,-0.7393,-90.3518,85.96,84,83,4.0
69,Wukari,NG,2022-03-11 18:17:30,7.85,9.7833,92.43,22,39,1.81
70,Bonthe,SL,2022-03-11 18:17:31,7.5264,-12.505,82.35,67,65,12.44
71,Clive,US,2022-03-11 18:17:09,41.603,-93.7241,26.42,43,20,27.63
72,Ushuaia,AR,2022-03-11 18:13:44,-54.8,-68.3,53.22,54,40,21.85
73,Severo-Kurilsk,RU,2022-03-11 18:13:50,50.6789,156.125,30.87,88,100,4.97
74,Termiz,UZ,2022-03-11 18:17:33,37.2242,67.2783,59.09,72,75,16.11
75,Arman,RU,2022-03-11 18:17:33,59.7,150.1667,17.02,84,100,5.41
76,Avarua,CK,2022-03-11 18:13:47,-21.2078,-159.775,77.05,94,100,4.61
77,Sunrise Manor,US,2022-03-11 18:17:34,36.2111,-115.0731,56.25,12,0,14.97
78,Lincoln,US,2022-03-11 18:16:06,40.8,-96.667,32.29,49,0,20.71
79,Skjold,DK,2022-03-11 18:17:35,55.7971,9.9397,41.29,53,1,20.96
80,Lagoa,PT,2022-03-11 18:17:35,39.05,-27.9833,61.02,91,100,31.0
81,Petropavlovsk-Kamchatskiy,RU,2022-03-11 18:17:36,53.0452,158.6483,27.19,100,75,4.47
82,Souillac,MU,2022-03-11 18:17:36,-20.5167,57.5167,79.18,89,75,8.05
83,Taylor,US,2022-03-11 18:17:37,32.3001,-99.8337,31.32,67,100,21.85
84,Garowe,SO,2022-03-11 18:17:37,8.4054,48.4845,74.32,58,87,17.69
85,Batagay-Alyta,RU,2022-03-11 18:17:38,67.8006,130.4114,-7.33,96,99,3.74
86,Pochutla,MX,2022-03-11 18:17:38,15.7432,-96.4661,89.82,37,4,9.28
87,Prince Rupert,CA,2022-03-11 18:17:39,54.3161,-130.3201,41.09,93,100,28.77
88,Farafangana,MG,2022-03-11 18:18:40,-22.8167,47.8333,77.18,86,57,7.27
89,Ocean City,US,2022-03-11 18:18:41,39.2776,-74.5746,56.17,67,7,5.01
90,Viedma,AR,2022-03-11 18:18:41,-40.8135,-62.9967,75.02,28,0,8.48
91,Georgetown,MY,2022-03-11 18:13:42,5.4112,100.3354,82.33,83,20,0.0
92,Okha,RU,2022-03-11 18:18:42,53.5739,142.9478,12.27,96,91,6.87
93,Aksarka,RU,2022-03-11 18:18:42,66.5606,67.7975,-3.24,99,83,10.47
94,Bluff,NZ,2022-03-11 18:13:37,-46.6,168.3333,55.8,90,98,29.33
95,Tevaitoa,PF,2022-03-11 18:18:43,-16.7833,-151.5,81.03,72,38,12.53
96,Longyearbyen,SJ,2022-03-11 18:15:10,78.2186,15.6401,13.84,67,0,8.05
97,Quatre Cocos,MU,2022-03-11 18:18:44,-20.2078,57.7625,78.91,84,34,13.11
98,New Norfolk,AU,2022-03-11 18:18:44,-42.7826,147.0587,56.7,70,42,3.2
99,Ternate,ID,2022-03-11 18:18:45,0.8,127.4,81.07,80,98,3.85
100,Alihe,CN,2022-03-11 18:18:45,50.5667,123.7167,8.69,96,45,2.53
101,Awbari,LY,2022-03-11 18:18:46,26.5921,12.7805,59.45,24,28,9.22
102,Tiksi,RU,2022-03-11 18:15:12,71.6872,128.8694,-8.21,96,100,8.99
103,Kondinskoye,RU,2022-03-11 18:18:46,59.6481,67.41,-17.34,100,24,4.25
104,Vozrozhdeniye,RU,2022-03-11 18:18:47,44.5503,38.2136,31.01,86,100,14.85
105,Saint-Francois,FR,2022-03-11 18:18:48,46.4154,3.9054,51.67,62,0,17.27
106,Qaqortoq,GL,2022-03-11 18:18:48,60.7167,-46.0333,8.04,72,94,1.43
107,Ponta Do Sol,PT,2022-03-11 18:18:49,32.6667,-17.1,67.71,59,100,4.9
108,Upernavik,GL,2022-03-11 18:18:49,72.7868,-56.1549,-7.53,96,88,7.52
109,Santo Angelo,BR,2022-03-11 18:18:50,-28.2992,-54.2631,73.72,83,100,9.22
110,Isla Vista,US,2022-03-11 18:18:50,34.4133,-119.861,70.34,45,0,6.91
111,Boende,CD,2022-03-11 18:18:51,-0.2167,20.8667,73.2,94,100,3.27
112,Masunga,BW,2022-03-11 18:18:51,-20.6246,27.4488,74.03,42,67,17.6
113,Banff,CA,2022-03-11 18:14:21,51.1762,-115.5698,31.23,43,99,10.36
114,Grand Forks,US,2022-03-11 18:18:52,47.9417,-97.4337,-0.22,71,100,19.57
115,Port Lincoln,AU,2022-03-11 18:15:19,-34.7333,135.8667,63.54,74,0,13.85
116,Walvis Bay,NA,2022-03-11 18:18:53,-22.9575,14.5053,70.75,73,28,3.44
117,Gubkinskiy,RU,2022-03-11 18:18:53,64.434,76.5026,-8.32,96,34,9.8
118,Arraial Do Cabo,BR,2022-03-11 18:15:08,-22.9661,-42.0278,91.36,54,0,17.27
119,Dikson,RU,2022-03-11 18:13:36,73.5069,80.5464,-4.16,95,100,24.49
120,Mulki,IN,2022-03-11 18:18:55,13.1,74.8,81.68,83,20,4.61
121,Bambous Virieux,MU,2022-03-11 18:15:05,-20.3428,57.7575,79.05,89,75,8.05
122,Victoria,HK,2022-03-11 18:14:15,22.2855,114.1577,70.25,87,5,8.01
123,Constitucion,CL,2022-03-11 18:13:15,-35.3333,-72.4167,69.31,55,1,6.04
124,Aksu,CN,2022-03-11 18:18:56,41.1231,80.2644,51.76,28,92,6.73
125,Tiruppuvanam,IN,2022-03-11 18:18:57,9.8333,78.2667,79.18,83,8,3.44
126,Udachnyy,RU,2022-03-11 18:18:57,66.4167,112.4,-15.36,100,100,4.56
127,Airai,TL,2022-03-11 18:18:58,-8.9266,125.4092,60.62,95,56,1.5
128,Mbandaka,CD,2022-03-11 18:18:58,0.0487,18.2603,74.16,83,100,1.48
129,Binzhou,CN,2022-03-11 18:18:59,37.3667,118.0167,48.87,82,71,9.06
130,Leningradskiy,RU,2022-03-11 18:19:00,69.3833,178.4167,1.2,72,3,3.71
131,Sibu,MY,2022-03-11 18:19:00,2.3,111.8167,77.31,94,40,3.44
132,Herat,AF,2022-03-11 18:19:01,34.5,62.0,71.26,34,100,17.09
133,Rawson,AR,2022-03-11 18:19:01,-43.3002,-65.1023,72.79,36,0,5.82
134,Chapais,CA,2022-03-11 18:19:02,49.7834,-74.8492,17.38,63,86,7.29
135,Sao Filipe,CV,2022-03-11 18:20:02,14.8961,-24.4956,75.38,60,44,9.48
136,Tiznit,MA,2022-03-11 18:20:03,29.5833,-9.5,59.7,62,46,7.4
137,Ambon,ID,2022-03-11 18:20:04,-3.6954,128.1814,77.14,94,40,4.61
138,Henties Bay,NA,2022-03-11 18:20:05,-22.116,14.2845,67.87,82,6,5.53
139,Pangnirtung,CA,2022-03-11 18:20:06,66.1451,-65.7125,-16.6,76,20,3.44
140,Port Elizabeth,ZA,2022-03-11 18:20:06,-33.918,25.5701,71.89,83,0,6.91
141,Port Alfred,ZA,2022-03-11 18:13:53,-33.5906,26.891,75.09,89,3,20.65
142,Tura,IN,2022-03-11 18:20:07,25.5198,90.2201,69.35,26,1,2.17
143,Nanortalik,GL,2022-03-11 18:13:55,60.1432,-45.2371,15.73,72,71,24.54
144,Maniitsoq,GL,2022-03-11 18:20:08,65.4167,-52.9,-0.83,88,55,4.63
145,Hithadhoo,MV,2022-03-11 18:20:08,-0.6,73.0833,83.21,57,8,4.03
146,Alice Springs,AU,2022-03-11 18:20:09,-23.7,133.8833,60.35,55,0,0.0
147,Porto-Vecchio,FR,2022-03-11 18:20:10,41.591,9.2795,51.46,71,40,11.5
148,San Cristobal,VE,2022-03-11 18:20:10,7.7669,-72.225,75.38,79,68,1.9
149,Naze,JP,2022-03-11 18:20:11,28.3667,129.4833,58.84,68,1,2.98
150,Mananjary,MG,2022-03-11 18:20:11,-21.2167,48.3333,75.96,90,100,3.89
151,Mecca,SA,2022-03-11 18:13:19,21.4267,39.8261,71.91,45,4,10.38
152,Nakama,JP,2022-03-11 18:20:12,33.8167,130.7,60.15,66,95,1.99
153,Kemijarvi,FI,2022-03-11 18:20:12,66.7131,27.4306,28.0,99,89,5.3
154,Fortuna,US,2022-03-11 18:15:16,40.5982,-124.1573,57.92,65,0,1.01
155,Clyde River,CA,2022-03-11 18:15:39,70.4692,-68.5914,-18.17,76,0,2.3
156,Cape Town,ZA,2022-03-11 18:13:45,-33.9258,18.4232,79.27,51,0,3.44
157,Blythe,US,2022-03-11 18:17:53,33.6103,-114.5964,60.03,8,0,14.03
158,Ribeira Grande,PT,2022-03-11 18:15:16,38.5167,-28.7,61.2,100,75,25.32
159,Touros,BR,2022-03-11 18:20:14,-5.1989,-35.4608,86.23,57,80,14.74
160,West Bay,KY,2022-03-11 18:20:15,19.3667,-81.4167,86.07,62,20,12.66
161,Shelburne,CA,2022-03-11 18:15:19,44.0787,-80.2041,30.36,81,100,9.01
162,Vilyuysk,RU,2022-03-11 18:20:16,63.7553,121.6247,-17.54,100,92,2.8
163,Wanning,CN,2022-03-11 18:20:16,18.8003,110.3967,69.73,90,74,4.07
164,Semey,KZ,2022-03-11 18:20:17,50.4111,80.2275,12.69,92,100,7.18
165,Hofn,IS,2022-03-11 18:20:17,64.2539,-15.2082,42.82,87,100,11.5
166,Hay River,CA,2022-03-11 18:20:18,60.8156,-115.7999,8.58,47,75,8.05
167,Padang,ID,2022-03-11 18:20:18,-0.9492,100.3543,77.18,87,100,3.24
168,Kilindoni,TZ,2022-03-11 18:20:19,-7.9139,39.6668,81.63,75,82,15.05
169,Jaszapati,HU,2022-03-11 18:20:19,47.5167,20.15,31.91,35,0,8.28
170,Qaanaaq,GL,2022-03-11 18:20:20,77.484,-69.3632,-7.98,75,26,4.76
171,Khatanga,RU,2022-03-11 18:15:17,71.9667,102.5,-30.98,100,95,4.36
172,Banda Aceh,ID,2022-03-11 18:20:20,5.5577,95.3222,79.97,79,87,2.53
173,Mahebourg,MU,2022-03-11 18:20:21,-20.4081,57.7,79.09,89,75,8.05
174,Coquimbo,CL,2022-03-11 18:13:38,-29.9533,-71.3436,68.25,71,0,5.37
175,Norman Wells,CA,2022-03-11 18:15:14,65.282,-126.8329,-12.96,64,20,6.91
176,Sola,VU,2022-03-11 18:13:41,-13.8833,167.55,81.48,76,100,6.73
177,Nikolskoye,RU,2022-03-11 18:20:22,59.7035,30.7861,34.88,96,100,5.93
178,Kodinsk,RU,2022-03-11 18:20:23,58.6881,99.1844,-8.41,100,99,1.88
179,Saskylakh,RU,2022-03-11 18:20:23,71.9167,114.0833,-20.18,99,100,4.0
180,Yarim,YE,2022-03-11 18:20:24,14.298,44.3779,59.95,49,82,3.02
181,Sunrise,US,2022-03-11 18:20:24,26.1577,-80.2861,89.02,62,20,17.27
182,Beisfjord,NO,2022-03-11 18:20:25,68.3751,17.5988,43.05,99,100,5.1
183,Sao Joao Da Barra,BR,2022-03-11 18:20:25,-21.6403,-41.0511,87.89,74,0,15.95
184,Tasiilaq,GL,2022-03-11 18:21:26,65.6145,-37.6368,35.76,86,100,16.06
185,Kenai,US,2022-03-11 18:21:26,60.5544,-151.2583,35.02,97,100,4.61
186,Mackay,AU,2022-03-11 18:21:27,-21.15,149.2,76.68,82,57,13.78
187,Nortelandia,BR,2022-03-11 18:21:27,-14.4547,-56.8028,84.16,74,88,4.36
188,Naushki,RU,2022-03-11 18:21:28,50.3828,106.1056,8.15,91,100,3.44
189,Zyryanka,RU,2022-03-11 18:21:28,65.75,150.85,-3.95,93,100,8.55
190,Nanakuli,US,2022-03-11 18:21:29,21.3906,-158.1547,78.71,69,0,4.61
191,Chicama,PE,2022-03-11 18:21:30,-7.8447,-79.1469,68.54,54,58,11.16
192,Barobo,PH,2022-03-11 18:21:30,8.5353,126.1214,74.57,98,91,1.23
193,Jinxiang,CN,2022-03-11 18:21:31,27.4327,120.6062,59.59,93,0,4.59
194,Vila Velha,BR,2022-03-11 18:21:03,-20.3297,-40.2925,87.75,73,20,17.27
195,Dakar,SN,2022-03-11 18:18:08,14.6937,-17.4441,94.08,59,1,11.43
196,Challapata,BO,2022-03-11 18:20:00,-18.9,-66.7667,55.74,56,91,3.18
197,Alofi,NU,2022-03-11 18:21:33,-19.0595,-169.9187,75.09,94,100,9.22
198,Chabahar,IR,2022-03-11 18:21:34,25.2919,60.643,76.35,74,33,4.29
199,Blacksburg,US,2022-03-11 18:20:19,37.2296,-80.4139,61.72,59,0,5.75
200,Agirish,RU,2022-03-11 18:21:35,61.9247,63.0231,2.71,94,95,9.8
201,Kaitangata,NZ,2022-03-11 18:15:07,-46.2817,169.8464,59.04,64,34,17.74
202,Vao,NC,2022-03-11 18:21:36,-22.6667,167.4833,79.18,75,13,11.61
203,Indi,IN,2022-03-11 18:21:36,17.1667,75.9667,84.07,35,85,6.02
204,Zaysan,KZ,2022-03-11 18:21:37,47.4667,84.8667,20.77,96,100,0.69
205,Waipawa,NZ,2022-03-11 18:21:37,-41.4122,175.5153,57.42,84,3,8.55
206,Cochabamba,BO,2022-03-11 18:21:38,-17.3895,-66.1568,74.95,45,75,11.5
207,Shaoyang,CN,2022-03-11 18:21:38,27.2315,111.4525,69.73,78,83,3.49
208,Nieuwpoort,BE,2022-03-11 18:21:39,51.1244,2.7735,54.01,84,100,17.27
209,Abu Dhabi,AE,2022-03-11 18:18:41,24.4667,54.3667,86.11,38,0,6.91
210,Magadan,RU,2022-03-11 18:21:40,59.5667,150.8,16.54,87,95,5.84
211,Anloga,GH,2022-03-11 18:21:40,5.7947,0.8973,83.57,78,74,14.74
212,My Tho,VN,2022-03-11 18:21:41,10.35,106.35,75.34,85,93,3.51
213,Ilulissat,GL,2022-03-11 18:21:41,69.2167,-51.1,6.82,61,75,11.5
214,Kem,RU,2022-03-11 18:21:16,64.9555,34.5793,30.7,92,98,10.11
215,Kobayashi,JP,2022-03-11 18:21:42,31.9833,130.9833,53.78,95,1,3.67
216,Pisco,PE,2022-03-11 18:21:42,-13.7,-76.2167,77.05,65,0,6.91
217,Kavaratti,IN,2022-03-11 18:21:43,10.5669,72.642,82.35,75,6,7.56
218,Arandis,NA,2022-03-11 18:21:43,-22.4167,14.9667,77.36,52,12,5.75
219,Teguldet,RU,2022-03-11 18:21:44,57.3064,88.1667,-14.21,100,83,2.19
220,Roald,NO,2022-03-11 18:13:46,62.5833,6.1333,48.34,37,0,13.8
221,Farah,AF,2022-03-11 18:21:45,32.5,62.5,73.58,28,90,7.58
222,Hasaki,JP,2022-03-11 18:21:45,35.7333,140.8333,43.2,68,76,13.29
223,Waingapu,ID,2022-03-11 18:21:46,-9.6567,120.2641,79.29,86,85,3.53
224,Esperance,AU,2022-03-11 18:13:35,-33.8667,121.9,64.29,74,51,15.21
225,Spearfish,US,2022-03-11 18:21:46,44.4908,-103.8594,22.87,54,0,11.5
226,Tuatapere,NZ,2022-03-11 18:21:47,-46.1333,167.6833,54.05,91,100,15.68
227,Suntar,RU,2022-03-11 18:21:47,62.1444,117.6319,-7.83,100,91,1.68
228,Tual,ID,2022-03-11 18:21:48,-5.6667,132.75,81.75,75,100,2.64
229,Morehead,US,2022-03-11 18:21:48,37.2711,-87.1764,47.98,67,0,11.5
230,Kruisfontein,ZA,2022-03-11 18:22:49,-34.0033,24.7314,76.28,69,53,8.7
231,Nouadhibou,MR,2022-03-11 18:22:50,20.931,-17.0347,73.38,60,0,17.27
232,Yulara,AU,2022-03-11 18:22:50,-25.2406,130.9889,66.04,30,0,6.91
233,Port Augusta,AU,2022-03-11 18:22:51,-32.5,137.7667,67.33,31,90,5.93
234,Kropotkin,RU,2022-03-11 18:15:20,45.4375,40.5756,30.24,74,100,14.94
235,Toshkivka,UA,2022-03-11 18:22:52,48.7791,38.579,19.29,85,99,13.09
236,Halifax,CA,2022-03-11 18:19:52,44.6453,-63.5724,46.29,77,100,15.01
237,Faanui,PF,2022-03-11 18:14:58,-16.4833,-151.75,81.52,70,32,12.53
238,Varva,UA,2022-03-11 18:22:53,50.495,32.7197,19.18,82,71,9.42
239,Bunia,CD,2022-03-11 18:22:54,1.5667,30.25,74.64,38,92,2.71
240,Ambulu,ID,2022-03-11 18:22:54,-8.345,113.6058,76.15,91,100,4.03
241,Manuk Mangkaw,PH,2022-03-11 18:22:55,4.8,119.85,82.47,77,61,7.96
242,Saldanha,ZA,2022-03-11 18:22:55,-33.0117,17.9442,77.05,71,99,9.86
243,Berezniki,RU,2022-03-11 18:19:17,59.4152,56.8124,-5.35,99,62,4.09
244,Berlevag,NO,2022-03-11 18:13:48,70.8578,29.0864,35.6,72,83,19.35
245,Isangel,VU,2022-03-11 18:15:06,-19.55,169.2667,77.77,85,20,3.24
246,Novomykolayivka,UA,2022-03-11 18:22:57,47.9781,35.9102,22.05,85,100,15.23
247,Mandalgovi,MN,2022-03-11 18:22:57,45.7625,106.2708,31.01,45,86,17.4
248,Salur,IN,2022-03-11 18:22:58,18.5333,83.2167,76.37,43,59,1.1
249,Chahal,GT,2022-03-11 18:22:59,15.75,-89.5667,92.93,42,18,2.33
250,Port-Gentil,GA,2022-03-11 18:22:59,-0.7193,8.7815,82.36,83,100,4.61
251,Port Blair,IN,2022-03-11 18:23:00,11.6667,92.75,80.64,83,40,2.3
252,Manggar,ID,2022-03-11 18:23:00,-2.8833,108.2667,79.3,85,95,7.87
253,Hinton,CA,2022-03-11 18:23:01,53.4001,-117.5857,29.73,76,100,8.5
254,Kloulklubed,PW,2022-03-11 18:23:01,7.0419,134.2556,79.3,80,74,17.38
255,Mattru,SL,2022-03-11 18:23:02,7.6244,-11.8332,88.47,49,93,9.53
256,Meiganga,CM,2022-03-11 18:23:02,6.5167,14.3,75.2,56,100,5.41
257,Peniche,PT,2022-03-11 18:23:03,39.3558,-9.3811,57.29,78,82,9.62
258,Tres Arroyos,AR,2022-03-11 18:23:04,-38.3739,-60.2798,70.25,36,49,18.1
259,Karratha,AU,2022-03-11 18:23:04,-20.7377,116.8463,86.13,57,0,6.89
260,Mount Gambier,AU,2022-03-11 18:13:52,-37.8333,140.7667,49.24,88,23,4.81
261,Yellowknife,CA,2022-03-11 18:10:37,62.456,-114.3525,-2.58,86,100,4.0
262,Abonnema,NG,2022-03-11 18:23:06,4.7084,6.7931,82.78,75,88,9.44
263,Colares,PT,2022-03-11 18:21:23,38.7992,-9.4469,59.76,68,20,11.99
264,Mankono,CI,2022-03-11 18:23:07,8.0586,-6.1897,98.46,22,32,5.06
265,Amarpur,IN,2022-03-11 18:23:07,25.0333,86.9,72.19,29,0,7.0
266,Ouahigouya,BF,2022-03-11 18:23:08,13.5828,-2.4216,95.27,10,87,10.02
267,Talnakh,RU,2022-03-11 18:23:08,69.4865,88.3972,-24.47,98,60,7.94
268,Namibe,AO,2022-03-11 18:23:09,-15.1961,12.1522,73.69,78,70,9.06
269,Kaoma,ZM,2022-03-11 18:23:09,-14.7833,24.8,66.96,92,64,4.12
270,Manoel Urbano,BR,2022-03-11 18:23:10,-8.8389,-69.2597,83.52,86,80,3.49
271,Savannakhet,LA,2022-03-11 18:23:10,16.566,104.751,72.93,71,12,4.32
272,Beloha,MG,2022-03-11 18:23:11,-25.1667,45.05,75.42,83,30,19.01
273,Basco,PH,2022-03-11 18:23:11,20.4487,121.9702,73.62,86,96,23.17
274,Stepnogorsk,KZ,2022-03-11 18:23:12,52.3544,71.8869,5.7,96,100,15.5
275,Provideniya,RU,2022-03-11 18:24:13,64.3833,-173.3,17.35,49,0,13.2
276,Salalah,OM,2022-03-11 18:24:13,17.0151,54.0924,78.89,57,0,2.3
277,Minallo,PH,2022-03-11 18:24:14,16.9869,121.8539,73.44,93,85,1.23
278,Kuala Terengganu,MY,2022-03-11 18:24:15,5.3302,103.1408,78.75,89,20,3.44
279,Asau,RO,2022-03-11 18:24:15,46.4333,26.4,24.28,91,100,8.93
280,Paungde,MM,2022-03-11 18:24:16,18.4833,95.5,80.2,41,27,5.61
281,Richards Bay,ZA,2022-03-11 18:24:16,-28.783,32.0377,73.67,86,0,4.72
282,Sitka,US,2022-03-11 18:24:17,57.0531,-135.33,33.69,100,100,0.0
283,Bandarbeyla,SO,2022-03-11 18:24:17,9.4942,50.8122,77.63,71,94,11.59
284,Necochea,AR,2022-03-11 18:15:04,-38.5473,-58.7368,64.08,55,82,19.64
285,Codrington,AU,2022-03-11 18:24:18,-38.2667,141.9667,49.01,85,44,6.2
286,Benguela,AO,2022-03-11 18:24:19,-12.5763,13.4055,79.79,78,68,7.61
287,Carutapera,BR,2022-03-11 18:24:19,-1.195,-46.02,75.72,94,100,5.5
288,Narsaq,GL,2022-03-11 18:24:20,60.9167,-46.05,10.62,70,99,3.06
289,Avera,US,2022-03-11 18:24:21,33.194,-82.5271,57.38,88,100,6.82
290,Mombetsu,JP,2022-03-11 18:24:21,44.3525,143.3525,34.75,98,95,4.81
291,Kuybyshevo,RU,2022-03-11 18:20:18,47.8123,38.9073,24.15,82,100,15.99
292,Boa Vista,BR,2022-03-11 18:24:23,2.8197,-60.6733,91.38,46,40,14.97
293,Bluefield,US,2022-03-11 18:20:31,37.2698,-81.2223,61.07,53,40,11.5
294,Guerrero Negro,MX,2022-03-11 18:23:17,27.9769,-114.0611,67.96,19,13,10.89
295,Jiexiu,CN,2022-03-11 18:24:24,37.0244,111.9125,57.52,66,80,1.79
296,Imbituba,BR,2022-03-11 18:24:24,-28.24,-48.6703,76.75,87,69,11.48
297,Babushkin,RU,2022-03-11 18:24:25,51.7122,105.8647,18.16,95,100,10.63
298,Vardo,NO,2022-03-11 18:24:25,70.3705,31.1107,33.78,75,75,12.66
299,Faya,SA,2022-03-11 18:24:26,18.3851,42.4509,62.71,61,10,2.86
300,Ribeira Brava,PT,2022-03-11 18:24:26,32.65,-17.0667,67.71,63,100,3.15
301,Along,IN,2022-03-11 18:24:27,28.1667,94.7667,63.55,55,2,1.92
302,San Andres,CO,2022-03-11 18:24:27,12.5847,-81.7006,86.02,66,40,11.5
303,Pechenga,RU,2022-03-11 18:24:28,69.5259,31.1703,25.79,92,60,8.88
304,Skourta,GR,2022-03-11 18:24:29,38.2127,23.5525,33.39,76,40,4.61
305,Kampot,KH,2022-03-11 18:24:29,10.6167,104.1833,79.34,82,76,3.98
306,Rundu,NA,2022-03-11 18:24:30,-17.9333,19.7667,69.64,85,53,4.38
307,Dillon,US,2022-03-11 18:24:30,34.4166,-79.3712,61.36,60,88,3.8
308,Ranong,TH,2022-03-11 18:24:31,9.9658,98.6348,77.7,82,60,1.45
309,Sulangan,PH,2022-03-11 18:24:31,11.1373,123.7228,80.67,82,100,6.89
310,Bilibino,RU,2022-03-11 18:24:32,68.0546,166.4372,-4.63,70,0,3.91
311,Puerto Del Rosario,ES,2022-03-11 18:24:32,28.5004,-13.8627,65.95,68,20,13.8
312,Sambava,MG,2022-03-11 18:24:33,-14.2667,50.1667,77.86,88,97,8.1
313,Monrovia,LR,2022-03-11 18:22:50,6.3005,-10.7969,82.24,78,97,10.18
314,Bulnes,CL,2022-03-11 18:24:34,-36.7423,-72.2985,89.96,14,0,7.25
315,Yamada,JP,2022-03-11 18:24:34,39.4667,141.95,44.37,83,56,7.7
316,Milkovo,RU,2022-03-11 18:24:35,54.7167,158.6167,13.46,97,100,1.57
317,Skelleftea,SE,2022-03-11 18:24:35,64.7507,20.9528,39.56,75,0,3.44
318,Asfi,MA,2022-03-11 18:24:36,32.2994,-9.2372,61.36,78,100,8.16
319,Ozernovskiy,RU,2022-03-11 18:24:36,51.5,156.5167,29.64,97,100,2.64
320,Bengkulu,ID,2022-03-11 18:25:37,-3.8004,102.2655,75.83,89,100,4.0
321,Opuwo,NA,2022-03-11 18:25:38,-18.0607,13.84,76.77,60,98,7.47
322,Kodiak,US,2022-03-11 18:25:38,57.79,-152.4072,38.71,93,100,9.22
323,Chokurdakh,RU,2022-03-11 18:24:16,70.6333,147.9167,-9.36,98,100,5.84
324,Daru,PG,2022-03-11 18:25:39,-9.0763,143.2092,77.81,86,100,4.14
325,Cockburn Town,TC,2022-03-11 18:25:40,21.4612,-71.1419,78.21,74,0,18.19
326,Labuan,MY,2022-03-11 18:25:40,5.2767,115.2417,77.36,100,20,5.75
327,Sterling,US,2022-03-11 18:25:41,39.0062,-77.4286,62.42,53,20,12.66
328,Ancud,CL,2022-03-11 18:25:41,-41.8697,-73.8203,71.22,66,0,7.72
329,Talcahuano,CL,2022-03-11 18:25:42,-36.7167,-73.1167,64.96,65,0,11.25
330,Plettenberg Bay,ZA,2022-03-11 18:25:42,-34.0527,23.3716,70.63,91,100,12.12
331,Maningrida,AU,2022-03-11 18:25:43,-12.0667,134.2667,79.38,87,100,2.59
332,Mount Isa,AU,2022-03-11 18:25:43,-20.7333,139.5,83.97,23,10,11.5
333,Lethem,GY,2022-03-11 18:25:44,3.3803,-59.7968,89.65,62,40,13.8
334,Cabo San Lucas,MX,2022-03-11 18:21:47,22.8909,-109.9124,78.62,55,0,11.5
335,Palana,RU,2022-03-11 18:25:44,59.1167,159.9667,0.7,79,1,4.74
336,Urubicha,BO,2022-03-11 18:22:09,-15.3833,-62.95,76.08,97,93,2.95
337,Deputatskiy,RU,2022-03-11 18:25:45,69.3,139.9,-9.69,95,100,5.08
338,Aklavik,CA,2022-03-11 18:25:46,68.2191,-135.0107,-13.23,96,96,4.12
339,Los Llanos De Aridane,ES,2022-03-11 18:25:46,28.6585,-17.9182,64.15,85,40,8.05
340,Port Hardy,CA,2022-03-11 18:25:47,50.6996,-127.4199,41.18,87,100,19.57
341,Tambopata,PE,2022-03-11 18:25:47,-12.7333,-69.1833,84.09,70,40,14.97
342,San Luis,AR,2022-03-11 18:25:48,-33.295,-66.3356,77.49,25,0,11.27
343,Makakilo City,US,2022-03-11 18:25:48,21.3469,-158.0858,77.61,68,0,10.36
344,Garissa,KE,2022-03-11 18:25:49,-0.4536,39.6401,90.81,32,63,8.28
345,Balangir,IN,2022-03-11 18:25:49,20.7167,83.4833,74.32,33,0,1.88
346,Kyra,RU,2022-03-11 18:25:50,49.5776,111.9753,24.57,89,89,5.3
347,Proshyan,AM,2022-03-11 18:25:50,40.2483,44.4194,40.5,49,40,4.61
348,Bambanglipuro,ID,2022-03-11 18:25:51,-7.95,110.2833,76.75,92,100,4.65
349,Hualmay,PE,2022-03-11 18:25:52,-11.0964,-77.6139,76.96,71,83,8.88
350,Pacific Grove,US,2022-03-11 18:23:27,36.6177,-121.9166,66.38,51,0,1.99
351,La Ronge,CA,2022-03-11 18:25:53,55.1001,-105.2842,-0.15,42,40,10.36
352,Joutseno,FI,2022-03-11 18:25:53,61.118,28.5076,33.85,86,100,6.29
353,Ardesen,TR,2022-03-11 18:25:54,41.1911,40.9875,36.28,96,100,8.46
354,Sinnamary,GF,2022-03-11 18:25:55,5.3833,-52.95,79.68,81,83,10.04
355,Villamontes,BO,2022-03-11 18:25:55,-21.25,-63.5,64.58,95,100,6.71
356,Northam,GB,2022-03-11 18:25:55,51.0333,-4.2167,49.39,91,78,14.45
357,Nueve De Julio,AR,2022-03-11 18:24:57,-35.4444,-60.8831,73.87,38,0,10.16
358,Beyneu,KZ,2022-03-11 18:25:56,45.3167,55.2,43.05,73,100,7.96
359,Itarema,BR,2022-03-11 18:25:57,-2.9248,-39.9167,75.27,95,100,8.16
360,Chervona Sloboda,UA,2022-03-11 18:25:57,49.3789,32.1464,22.57,80,100,14.52
361,Lima,PE,2022-03-11 18:21:08,-12.0432,-77.0282,75.38,74,0,6.91
362,Coihueco,CL,2022-03-11 18:25:58,-36.6167,-71.8333,89.56,14,0,7.29
363,Altamirano,MX,2022-03-11 18:25:59,16.8833,-92.15,79.52,37,1,4.7
364,Minab,IR,2022-03-11 18:26:59,27.1467,57.0801,77.81,55,68,2.91
365,Nipawin,CA,2022-03-11 18:27:00,53.3668,-104.0009,-2.16,60,0,5.75
366,Jalu,LY,2022-03-11 18:27:00,29.0331,21.5482,57.11,36,75,2.28
367,Indramayu,ID,2022-03-11 18:27:01,-6.3264,108.32,79.3,87,100,10.45
368,Lasa,IT,2022-03-11 18:27:01,46.6166,10.7002,37.69,97,83,4.23
369,Amapa,BR,2022-03-11 18:27:02,1.0,-52.0,72.54,93,100,1.54
370,Sovetskiy,RU,2022-03-11 18:27:03,61.3614,63.5842,-1.46,97,88,7.67
371,Redlands,US,2022-03-11 18:25:45,34.0556,-117.1825,67.71,12,0,3.44
372,Lebanon,US,2022-03-11 18:23:12,36.2081,-86.2911,66.9,45,75,5.75
373,Guayaramerin,BO,2022-03-11 18:27:04,-10.8368,-65.3614,91.45,52,40,6.91
374,Ishigaki,JP,2022-03-11 18:27:05,24.3448,124.1572,70.97,65,0,13.38
375,Kremnica,SK,2022-03-11 18:27:05,48.7052,18.9183,29.62,43,0,1.99
376,Cravo Norte,CO,2022-03-11 18:27:06,6.3017,-70.2041,90.72,45,57,9.48
377,Matara,LK,2022-03-11 18:27:06,5.9485,80.5353,77.5,85,41,1.5
378,Kattivakkam,IN,2022-03-11 18:27:07,13.2167,80.3167,81.07,82,1,3.22
379,Upington,ZA,2022-03-11 18:27:08,-28.4478,21.2561,79.18,57,75,11.5
380,Santiago,CL,2022-03-11 18:23:57,-33.4569,-70.6483,90.28,22,0,13.8
381,Tocopilla,CL,2022-03-11 18:27:09,-22.092,-70.1979,72.72,74,14,7.54
382,Jasper,US,2022-03-11 18:27:09,37.2001,-94.3502,31.98,66,100,9.22
383,Victor Harbor,AU,2022-03-11 18:27:10,-35.5667,138.6167,58.21,80,38,6.69
384,Grand Gaube,MU,2022-03-11 18:27:10,-20.0064,57.6608,79.2,85,7,3.0
385,Chuy,UY,2022-03-11 18:27:11,-33.6971,-53.4616,73.65,42,0,11.95
386,Loa Janan,ID,2022-03-11 18:27:11,-0.583,117.095,74.86,96,96,1.16
387,Arraias,BR,2022-03-11 18:27:12,-12.9288,-46.9437,83.68,61,98,0.94
388,Bereda,ES,2022-03-11 18:27:13,43.2686,-7.5406,44.58,98,74,5.21
389,Luwingu,ZM,2022-03-11 18:27:13,-10.2621,29.9271,65.08,94,69,2.1
390,Barcelona,ES,2022-03-11 18:22:47,41.3888,2.159,56.75,84,75,2.3
391,Smithers,CA,2022-03-11 18:27:14,54.7804,-127.1743,34.12,86,100,4.61
392,Sampit,ID,2022-03-11 18:27:15,-2.5333,112.95,75.06,94,99,2.55
393,Russkiy Kameshkir,RU,2022-03-11 18:27:15,52.8589,46.0892,5.32,97,79,7.29
394,Dingle,PH,2022-03-11 18:27:16,10.9995,122.6711,76.32,91,88,5.01
395,Kokopo,PG,2022-03-11 18:27:16,-4.352,152.2633,76.73,82,99,4.21
396,Batemans Bay,AU,2022-03-11 18:27:17,-35.7167,150.1833,63.1,93,68,3.24
397,Katsuura,JP,2022-03-11 18:27:17,35.1333,140.3,57.22,74,70,16.64
398,Crawfordsville,US,2022-03-11 18:27:18,40.0411,-86.8745,30.51,63,100,11.5
399,Caravelas,BR,2022-03-11 18:27:18,-17.7125,-39.2481,84.25,62,99,7.9
400,Magadi,IN,2022-03-11 18:27:19,12.9667,77.2333,71.76,36,20,10.76
401,Puerto Cabezas,NI,2022-03-11 18:27:19,14.0351,-83.3888,84.16,74,40,6.91
402,Fairbanks,US,2022-03-11 18:25:17,64.8378,-147.7164,7.14,71,20,3.44
403,Adrar,MR,2022-03-11 18:27:20,20.5022,-10.0711,82.11,6,0,13.62
404,Waitati,NZ,2022-03-11 18:27:21,-45.75,170.5667,64.8,54,48,16.04
405,Opotiki,NZ,2022-03-11 18:27:21,-38.0833,177.2833,57.38,93,46,4.27
406,Rio Grande,BR,2022-03-11 18:27:22,-32.035,-52.0986,75.31,51,99,18.19
407,Prabumulih,ID,2022-03-11 18:27:22,-3.45,104.25,74.48,98,100,1.97
408,Yarmouth,US,2022-03-11 18:27:23,41.7057,-70.2286,53.65,76,0,9.22
409,Cayenne,GF,2022-03-11 18:28:23,4.9333,-52.3333,84.24,58,40,12.66
410,Coihaique,CL,2022-03-11 18:28:24,-45.5752,-72.0662,70.41,49,0,4.61
411,Margate,GB,2022-03-11 18:28:24,51.3813,1.3862,51.31,83,100,8.99
412,Ahipara,NZ,2022-03-11 18:28:25,-35.1667,173.1667,61.21,89,11,5.28
413,Usinsk,RU,2022-03-11 18:28:25,65.9939,57.5281,13.8,92,100,25.97
414,Vestmannaeyjar,IS,2022-03-11 18:28:26,63.4427,-20.2734,43.79,75,40,14.97
415,Oranjemund,NA,2022-03-11 18:28:26,-28.55,16.4333,75.6,62,17,8.23
416,Teya,RU,2022-03-11 18:28:27,60.3778,92.6267,-10.64,100,100,1.45
417,Liverpool,GB,2022-03-11 18:24:18,53.4106,-2.9779,50.61,92,75,14.97
418,Muzhi,RU,2022-03-11 18:28:28,65.3667,64.6667,6.19,94,100,9.95
419,Umm Bab,QA,2022-03-11 18:28:28,25.2142,50.8072,77.14,50,76,9.71
420,Tuy Hoa,VN,2022-03-11 18:28:29,13.0833,109.3,71.46,91,95,6.6
421,Anadyr,RU,2022-03-11 18:28:29,64.75,177.4833,14.5,62,0,2.24
422,Zapolyarnyy,RU,2022-03-11 18:28:30,69.4154,30.8136,31.28,96,67,7.27
423,Beira,MZ,2022-03-11 18:28:30,-19.8436,34.8389,82.49,74,20,14.97
424,Weinan,CN,2022-03-11 18:28:31,34.5036,109.5089,66.33,62,98,2.19
425,Vanimo,PG,2022-03-11 18:28:31,-2.6741,141.3028,77.36,86,100,1.86
426,Namatanai,PG,2022-03-11 18:28:32,-3.6667,152.4333,79.86,78,100,6.4
427,Kudahuvadhoo,MV,2022-03-11 18:28:32,2.6708,72.8944,83.17,71,1,8.55
428,Turkistan,KZ,2022-03-11 18:28:33,43.0,68.0,54.63,93,100,15.99
429,Coruripe,BR,2022-03-11 18:28:34,-10.1256,-36.1756,84.74,54,60,9.42
430,Pervomaysk,UA,2022-03-11 18:28:34,48.0443,30.8507,22.64,80,84,12.33
431,Eureka,US,2022-03-11 18:28:35,40.8021,-124.1637,58.19,77,14,1.01
432,Vanderhoof,CA,2022-03-11 18:28:35,54.0166,-124.0198,35.47,80,100,2.77
433,Waddan,LY,2022-03-11 18:28:36,29.1614,16.139,56.35,29,91,3.29
434,Springbok,ZA,2022-03-11 18:28:37,-29.6643,17.8865,74.19,58,39,3.67
435,Dese,ET,2022-03-11 18:28:37,11.1333,39.6333,57.72,61,56,3.0
436,Ust-Tsilma,RU,2022-03-11 18:28:38,65.441,52.1498,22.01,95,100,8.63
437,Hokitika,NZ,2022-03-11 18:28:38,-42.7167,170.9667,61.47,85,73,13.35
438,Severobaykalsk,RU,2022-03-11 18:28:39,55.65,109.3167,-1.19,86,100,7.34
439,Tanete,ID,2022-03-11 18:28:39,-3.9443,119.7848,77.04,93,100,2.33
440,Provost,CA,2022-03-11 18:28:39,52.3501,-110.2683,3.65,79,93,11.39
441,Kiunga,PG,2022-03-11 18:28:40,-6.1219,141.2906,73.26,98,100,1.66
442,Stolin,BY,2022-03-11 18:28:41,51.8912,26.846,27.7,52,28,5.55
443,Yenangyaung,MM,2022-03-11 18:28:41,20.4667,94.8833,81.95,34,23,4.99
444,Baykit,RU,2022-03-11 18:28:42,61.67,96.37,-17.36,100,97,2.57
445,Grindavik,IS,2022-03-11 18:28:42,63.8424,-22.4338,41.47,81,20,19.57
446,Mastic Beach,US,2022-03-11 18:28:43,40.7668,-72.8521,53.42,60,0,11.5
447,Nuevo Mexico,MX,2022-03-11 18:28:43,20.75,-103.4333,75.16,13,0,8.79
448,Taitung,TW,2022-03-11 18:28:44,22.7583,121.1444,70.43,86,89,6.96
449,Skoghall,SE,2022-03-11 18:28:44,59.3232,13.4655,28.96,93,1,0.0
450,Ithaca,US,2022-03-11 18:28:45,42.4406,-76.4966,52.02,61,100,9.22
451,Kurkino,RU,2022-03-11 18:28:45,53.4257,38.6582,2.7,100,24,3.53
452,Sibolga,ID,2022-03-11 18:28:46,1.7427,98.7792,77.11,86,94,2.95
453,Haines Junction,CA,2022-03-11 18:28:46,60.7522,-137.5108,26.55,68,100,8.05
454,Sandwick,GB,2022-03-11 18:28:47,60.0,-1.25,44.42,81,20,40.29
455,Kajiado,KE,2022-03-11 18:28:47,-1.8524,36.7768,69.1,51,93,18.37
456,Mehamn,NO,2022-03-11 18:28:48,71.0357,27.8492,35.55,64,75,21.85
457,Japura,ID,2022-03-11 18:29:48,-0.3167,102.35,74.37,98,98,0.83
458,Lorengau,PG,2022-03-11 18:29:49,-2.0226,147.2712,80.67,77,99,4.23
459,Iskateley,RU,2022-03-11 18:29:49,67.6803,53.1512,24.37,95,100,16.93
460,Siuna,NI,2022-03-11 18:29:50,13.7332,-84.7773,91.87,31,3,6.85
461,Praia Da Vitoria,PT,2022-03-11 18:29:50,38.7333,-27.0667,61.05,94,40,20.49
462,Homer,US,2022-03-11 18:29:51,59.6425,-151.5483,35.76,94,75,4.61
463,Tombouctou,ML,2022-03-11 18:29:51,20.0,-3.0,81.82,10,0,11.56
464,Leh,IN,2022-03-11 18:29:52,34.1667,77.5833,7.27,73,33,3.36
465,Briancon,FR,2022-03-11 18:29:49,44.9,6.65,33.35,92,100,5.73
466,Flinders,AU,2022-03-11 18:29:53,-34.5833,150.8552,64.18,91,57,5.01
467,Kaeo,NZ,2022-03-11 18:29:53,-35.1,173.7833,64.33,90,36,1.77
468,Srednekolymsk,RU,2022-03-11 18:29:54,67.45,153.6833,-12.96,100,99,3.49
469,Tagusao,PH,2022-03-11 18:29:54,9.1924,117.8141,78.53,87,93,4.79
470,Bathsheba,BB,2022-03-11 18:29:55,13.2167,-59.5167,84.81,58,20,20.71
471,Kabare,CD,2022-03-11 18:29:55,-2.4683,28.8242,64.06,87,77,2.66
472,Samarai,PG,2022-03-11 18:29:56,-10.6167,150.6667,82.36,78,77,9.37
473,Chitral,PK,2022-03-11 18:29:57,35.8462,71.7858,47.46,61,100,3.6
474,Laguna,US,2022-03-11 18:29:57,38.421,-121.4238,66.18,37,0,3.44
475,Hailey,US,2022-03-11 18:29:57,43.5196,-114.3153,26.8,54,40,11.5
476,Emerald,AU,2022-03-11 18:29:58,-23.5333,148.1667,75.34,83,100,10.36
477,Alekseyevka,RU,2022-03-11 18:29:59,50.6309,38.6903,4.77,95,31,6.69
478,Sept-Iles,CA,2022-03-11 18:27:46,50.2001,-66.3821,19.06,44,20,14.97
479,Olinda,BR,2022-03-11 18:29:59,-8.0089,-34.8553,85.73,62,40,8.05
480,Capoterra,IT,2022-03-11 18:30:00,39.1763,8.9718,54.81,73,0,10.36
481,Cuauhtemoc,MX,2022-03-11 18:30:01,28.4167,-106.8667,56.68,13,1,24.56
482,Qitaihe,CN,2022-03-11 18:30:02,45.8,130.85,19.17,94,34,3.31
483,Mutoko,ZW,2022-03-11 18:30:03,-17.397,32.2268,66.04,77,92,3.09
484,Balkanabat,TM,2022-03-11 18:30:04,39.5108,54.3671,50.81,80,6,4.21
485,Belyy Yar,RU,2022-03-11 18:30:05,53.6039,91.3903,8.49,65,40,8.95
486,Komsomolskiy,UZ,2022-03-11 18:30:06,40.4272,71.7189,50.72,87,75,2.3
487,Diamantino,BR,2022-03-11 18:30:07,-14.4086,-56.4461,88.38,56,29,5.86
488,Yonago,JP,2022-03-11 18:28:10,35.4333,133.3333,55.33,76,75,9.22
489,Dunedin,NZ,2022-03-11 18:30:08,-45.8742,170.5036,64.8,54,100,8.01
490,Morris,US,2022-03-11 18:30:10,40.8334,-74.5329,54.66,48,75,5.75
491,Changji,CN,2022-03-11 18:30:11,44.0167,87.3167,39.99,75,0,2.24
492,Sorland,NO,2022-03-11 18:30:11,67.667,12.6934,42.66,85,99,15.97
493,Krasnogvardeyets,RU,2022-03-11 18:30:12,52.6804,52.3635,16.0,94,98,8.1
494,Kon Tum,VN,2022-03-11 18:30:13,14.35,108.0,62.37,96,46,2.91
495,Kashi,CN,2022-03-11 18:30:13,39.4547,75.9797,54.61,20,100,8.95
496,Cidreira,BR,2022-03-11 18:30:14,-30.1811,-50.2056,69.94,90,100,17.98
497,Almeirim,BR,2022-03-11 18:30:15,-1.5233,-52.5817,76.17,87,100,1.21
498,Kidal,ML,2022-03-11 18:26:10,18.4411,1.4078,86.72,9,0,8.97
499,Orzu,TJ,2022-03-11 18:30:15,37.5593,68.8184,57.6,80,100,8.03
500,Kikwit,CD,2022-03-11 18:30:16,-5.041,18.8162,77.2,82,100,2.53
501,Poum,NC,2022-03-11 18:30:17,-20.2333,164.0167,81.43,73,1,4.52
502,Antofagasta,CL,2022-03-11 18:30:17,-23.65,-70.4,74.21,58,6,8.84
503,San Diego De La Union,MX,2022-03-11 18:31:18,21.4667,-100.8667,76.24,11,0,20.67
504,Montepuez,MZ,2022-03-11 18:31:19,-13.1256,38.9997,68.27,96,100,6.11
505,Kurilsk,RU,2022-03-11 18:31:19,45.2333,147.8833,31.1,90,99,4.09
506,Celestun,MX,2022-03-11 18:31:20,20.8667,-90.4,86.25,59,1,10.33
507,Meulaboh,ID,2022-03-11 18:31:20,4.1363,96.1285,77.25,89,96,4.23
508,Ipixuna,BR,2022-03-11 18:31:21,-1.7625,-48.8043,76.86,93,100,3.09
509,San Vicente,AR,2022-03-11 18:31:21,-26.6167,-54.1333,66.74,100,100,2.28
510,Ekhabi,RU,2022-03-11 18:31:22,53.5102,142.9671,12.38,96,100,6.93
511,Bhor,IN,2022-03-11 18:31:22,18.1667,73.85,74.03,46,6,3.91
512,Sao Miguel Do Araguaia,BR,2022-03-11 18:31:23,-13.275,-50.1628,86.7,61,97,3.49
513,Belaya Gora,RU,2022-03-11 18:31:23,68.5333,146.4167,-10.21,98,100,2.51
514,Berdigestyakh,RU,2022-03-11 18:31:24,62.0989,126.6992,-13.23,100,100,0.92
515,Ranfurly,NZ,2022-03-11 18:31:24,-45.1333,170.1,61.11,57,98,10.76
516,Hervey Bay,AU,2022-03-11 18:31:25,-25.2986,152.8535,75.07,74,80,17.85
517,Lengshuitan,CN,2022-03-11 18:31:25,26.4111,111.5956,67.59,82,3,4.61
518,Pangai,TO,2022-03-11 18:31:26,-19.8,-174.35,78.91,83,100,13.8
519,Loreto,MX,2022-03-11 18:31:27,22.2667,-101.9667,74.82,10,5,22.73
520,Byron Bay,AU,2022-03-11 18:31:27,-28.65,153.6167,64.29,83,96,8.5
521,Chernyshevskiy,RU,2022-03-11 18:31:28,63.0128,112.4714,-26.63,100,100,1.86
522,Lavrentiya,RU,2022-03-11 18:31:28,65.5833,-171.0,6.96,70,0,8.97
523,Huarmey,PE,2022-03-11 18:31:29,-10.0681,-78.1522,77.63,72,71,10.07
524,Smirnykh,RU,2022-03-11 18:31:29,49.75,142.8333,26.06,97,100,6.04
525,Olafsvik,IS,2022-03-11 18:31:29,64.8945,-23.7142,41.02,77,50,25.48
526,Zakamensk,RU,2022-03-11 18:31:30,50.3741,103.2863,6.91,91,98,1.48
527,Luxor,EG,2022-03-11 18:29:22,25.6989,32.6421,60.62,29,15,14.41
528,Mahabad,IR,2022-03-11 18:31:31,36.7631,45.7222,36.01,89,44,13.44
529,Dalby,AU,2022-03-11 18:31:31,-27.1833,151.2667,62.98,90,48,14.58
530,Havre-Saint-Pierre,CA,2022-03-11 18:31:32,50.2334,-63.5986,17.96,53,0,17.27
531,Suda,RU,2022-03-11 18:31:32,59.1525,37.5582,23.11,97,100,5.19
532,Wazirganj,IN,2022-03-11 18:31:33,28.2167,79.05,65.01,37,0,8.25
533,Fare,PF,2022-03-11 18:31:33,-16.7,-151.0167,81.0,71,38,10.65
534,Acajutla,SV,2022-03-11 18:31:34,13.5928,-89.8275,84.38,61,52,10.0
535,Salta,AR,2022-03-11 18:30:23,-24.7859,-65.4117,64.99,72,75,3.44
536,Dhidhdhoo,MV,2022-03-11 18:31:35,6.8833,73.1,82.83,67,1,3.11
537,Derzhavinsk,KZ,2022-03-11 18:31:35,51.1,66.3167,11.61,94,100,19.44
538,Ballina,AU,2022-03-11 18:31:36,-28.8667,153.5667,64.36,100,100,6.91
539,Taksimo,RU,2022-03-11 18:31:36,56.3444,114.8794,-9.74,93,90,2.44
540,Lucapa,AO,2022-03-11 18:31:37,-8.4192,20.7447,73.33,76,74,3.18
541,Puerto Carreno,CO,2022-03-11 18:31:37,6.189,-67.4859,93.18,46,20,10.36
542,Niceville,US,2022-03-11 18:31:38,30.5169,-86.4822,70.92,94,75,8.05
543,Beringovskiy,RU,2022-03-11 18:31:38,63.05,179.3167,0.21,88,5,11.03
544,Zurrieq,MT,2022-03-11 18:31:39,35.8311,14.4742,53.96,71,40,3.44
545,Kasongo-Lunda,CD,2022-03-11 18:31:39,-6.4667,16.8167,74.21,85,84,0.63
546,Soledade,BR,2022-03-11 18:31:40,-28.8183,-52.5103,61.03,98,100,8.08
547,Nkoteng,CM,2022-03-11 18:31:41,4.5167,12.0333,73.56,83,97,5.35
548,Gimli,CA,2022-03-11 18:31:41,50.6336,-96.9907,-5.78,54,100,13.8
549,Inhambane,MZ,2022-03-11 18:31:42,-23.865,35.3833,78.78,89,40,9.22
550,Kiruna,SE,2022-03-11 18:31:42,67.8557,20.2251,17.13,92,45,4.68
551,Ariquemes,BR,2022-03-11 18:32:43,-9.9133,-63.0408,82.94,82,63,2.86
552,San Sebastian,ES,2022-03-11 18:31:54,43.3128,-1.975,54.34,79,75,1.99
553,Tecoanapa,MX,2022-03-11 18:32:43,16.5167,-98.75,84.06,53,24,11.34
554,San Quintin,MX,2022-03-11 18:32:44,30.4833,-115.95,63.54,37,8,7.34
555,Vostok,RU,2022-03-11 18:32:45,46.4856,135.8833,17.26,95,96,4.76
556,Kapoeta,SS,2022-03-11 18:32:45,4.7717,33.5903,89.78,28,98,15.08
557,Neiafu,TO,2022-03-11 18:32:46,-18.65,-173.9833,79.48,83,75,10.36
558,Pontianak,ID,2022-03-11 18:32:46,-0.0333,109.3333,75.18,100,100,2.3
559,Aginskoye,RU,2022-03-11 18:32:47,51.1,114.53,16.95,95,100,13.2
560,Severnyy,RU,2022-03-11 18:32:48,50.677,36.5532,14.04,57,0,8.95
561,Ilabaya,PE,2022-03-11 18:32:48,-17.4208,-70.5133,74.1,67,81,10.58
562,Inzer,RU,2022-03-11 18:32:49,54.2167,57.5556,9.43,89,100,3.58
563,Lastoursville,GA,2022-03-11 18:32:49,-0.8143,12.7287,75.33,92,98,1.7
564,Launceston,AU,2022-03-11 18:32:50,-41.45,147.1667,52.16,92,75,5.75
565,Mudanjiang,CN,2022-03-11 18:32:50,44.5833,129.6,19.04,85,17,2.86
566,Fort-Shevchenko,KZ,2022-03-11 18:32:51,44.5086,50.263,36.81,97,100,12.88
567,Panguipulli,CL,2022-03-11 18:32:51,-39.6333,-72.3333,79.63,32,0,4.94
568,Portland,US,2022-03-11 18:31:32,45.5234,-122.6762,52.92,60,75,3.44
569,Meadow Lake,US,2022-03-11 18:32:52,34.8014,-106.5436,39.67,36,1,9.62
570,Torbay,CA,2022-03-11 18:32:52,47.6666,-52.7314,38.88,55,100,24.16
571,Dingzhou,CN,2022-03-11 18:32:53,38.5131,114.9956,48.31,26,100,4.27
572,Qujing,CN,2022-03-11 18:32:53,25.4833,103.7833,54.36,40,59,6.73
573,Hvittingfoss,NO,2022-03-11 18:32:54,59.4833,10.0167,33.75,50,5,3.0
574,Saint-Louis,SN,2022-03-11 18:32:54,16.3333,-15.0,98.24,8,0,9.53
575,Khasan,RU,2022-03-11 18:32:55,42.4308,130.6434,34.25,51,6,6.96
576,Portmore,JM,2022-03-11 18:32:55,17.9702,-76.8672,90.05,66,20,26.46
577,Rio Gallegos,AR,2022-03-11 18:32:56,-51.6226,-69.2181,53.65,66,75,12.66
578,Ponta Delgada,PT,2022-03-11 18:32:57,37.7333,-25.6667,63.5,82,75,23.02
579,Harper,LR,2022-03-11 18:32:57,4.375,-7.7169,80.44,85,100,8.77
580,Half Moon Bay,US,2022-03-11 18:32:58,37.4636,-122.4286,69.58,33,0,0.0
581,Den Helder,NL,2022-03-11 18:32:58,52.9599,4.7593,54.01,61,100,17.0
582,Nyzhnya Duvanka,UA,2022-03-11 18:32:59,49.5846,38.1743,11.32,89,18,10.54
583,Lethbridge,CA,2022-03-11 18:31:57,49.7,-112.8186,28.51,50,75,11.5
584,Namie,JP,2022-03-11 18:32:59,37.4833,141.0,45.99,61,0,6.82
585,Trincomalee,LK,2022-03-11 18:33:00,8.5711,81.2335,80.62,80,89,9.89
586,Saint-Pierre,RE,2022-03-11 18:33:00,-21.3393,55.4781,80.28,80,20,17.27
587,Safaga,EG,2022-03-11 18:33:01,26.7292,33.9365,59.38,55,0,23.44
588,Hun,LY,2022-03-11 18:33:01,29.1268,15.9477,55.8,28,64,5.77
589,Buraydah,SA,2022-03-11 18:33:02,26.326,43.975,70.25,22,88,12.97
590,Rambouillet,FR,2022-03-11 18:33:02,48.5833,1.9167,49.87,90,100,13.78
591,Lata,PT,2022-03-11 18:33:03,40.1629,-8.3327,45.68,93,11,2.44
