City,City,Country,Date,Lat,Lng,Max Temp,Humidity,Cloudiness,Wind Speed,Description
0,Tura,IN,2022-03-16 16:11:49,25.5198,90.2201,74.84,27,0,3.96,clear sky
1,Puerto Ayora,EC,2022-03-16 16:11:49,-0.7393,-90.3518,82.54,83,71,5.99,broken clouds
2,Leningradskiy,RU,2022-03-16 16:11:50,69.3833,178.4167,-13.63,95,59,9.26,broken clouds
3,Katsuura,JP,2022-03-16 16:11:50,35.1333,140.3,57.15,83,26,7.45,scattered clouds
4,Hilo,US,2022-03-16 16:11:50,19.7297,-155.09,73.13,94,100,4.0,overcast clouds
5,Punta Arenas,CL,2022-03-16 16:11:51,-53.15,-70.9167,50.11,74,100,9.22,light intensity shower rain
6,Tres Passos,BR,2022-03-16 16:11:51,-27.4556,-53.9319,77.47,66,61,7.92,broken clouds
7,Rio Brilhante,BR,2022-03-16 16:11:52,-21.8019,-54.5464,91.35,32,21,1.72,few clouds
8,Bluff,NZ,2022-03-16 16:11:52,-46.6,168.3333,44.8,85,82,11.92,broken clouds
9,San Patricio,US,2022-03-16 16:11:53,28.017,-97.5169,75.29,44,0,7.83,clear sky
10,Bethel,US,2022-03-16 16:11:53,41.3712,-73.414,58.73,66,0,5.75,clear sky
11,Kapaa,US,2022-03-16 16:11:54,22.0752,-159.319,68.32,75,20,6.91,few clouds
12,Saint-Joseph,RE,2022-03-16 16:11:54,-21.3667,55.6167,79.18,87,65,9.33,light rain
13,Vaini,TO,2022-03-16 16:11:54,-21.2,-175.2,73.56,94,100,4.61,drizzle
14,Tuktoyaktuk,CA,2022-03-16 16:11:55,69.4541,-133.0374,-20.69,95,15,12.37,few clouds
15,Kruisfontein,ZA,2022-03-16 16:11:55,-34.0033,24.7314,66.88,62,21,8.14,few clouds
16,Ushuaia,AR,2022-03-16 16:10:28,-54.8,-68.3,40.62,93,75,9.22,light intensity drizzle
17,Vanavara,RU,2022-03-16 16:11:56,60.34,102.2797,-2.81,100,96,1.21,overcast clouds
18,Jamestown,US,2022-03-16 16:11:56,42.097,-79.2353,58.01,44,0,10.0,clear sky
19,Yellowknife,CA,2022-03-16 16:11:57,62.456,-114.3525,0.28,84,82,3.0,broken clouds
20,Pevek,RU,2022-03-16 16:11:57,69.7008,170.3133,-6.16,98,100,4.74,overcast clouds
21,Salalah,OM,2022-03-16 16:11:58,17.0151,54.0924,80.69,69,0,3.44,clear sky
22,Taseyevo,RU,2022-03-16 16:11:58,57.2169,94.8978,7.12,98,96,2.42,overcast clouds
23,Georgetown,MY,2022-03-16 16:11:58,5.4112,100.3354,80.53,89,20,3.44,few clouds
24,Geraldton,AU,2022-03-16 16:11:59,-28.7667,114.6,63.01,82,0,4.61,clear sky
25,Yerbogachen,RU,2022-03-16 16:11:59,61.2767,108.0108,-3.12,100,100,2.57,overcast clouds
26,Avera,US,2022-03-16 16:12:00,33.194,-82.5271,63.91,94,100,2.98,light rain
27,Auki,SB,2022-03-16 16:12:00,-8.7676,160.7034,76.53,87,95,3.71,overcast clouds
28,Pangnirtung,CA,2022-03-16 16:12:01,66.1451,-65.7125,-11.36,92,100,2.13,overcast clouds
29,Tiarei,PF,2022-03-16 16:12:01,-17.5333,-149.3333,75.22,71,39,1.59,scattered clouds
30,Severo-Kurilsk,RU,2022-03-16 16:12:01,50.6789,156.125,29.95,84,100,14.52,light snow
31,Nouakchott,MR,2022-03-16 16:07:09,18.0858,-15.9785,85.93,37,0,10.94,clear sky
32,Papara,BR,2022-03-16 16:12:02,-3.9839,-38.7273,81.55,69,88,5.82,overcast clouds
33,Hearst,CA,2022-03-16 16:12:02,49.6835,-83.6665,31.86,98,100,5.19,overcast clouds
34,Gemena,CD,2022-03-16 16:12:03,3.25,19.7667,91.26,38,100,2.77,overcast clouds
35,Manokwari,ID,2022-03-16 16:12:03,-0.8667,134.0833,79.41,78,46,1.03,scattered clouds
36,Slave Lake,CA,2022-03-16 16:12:04,55.2834,-114.769,34.83,78,11,11.56,few clouds
37,Bandarbeyla,SO,2022-03-16 16:12:04,9.4942,50.8122,78.08,71,0,10.2,clear sky
38,Rikitea,PF,2022-03-16 16:12:05,-23.1203,-134.9692,79.77,79,86,23.78,light rain
39,Port Lincoln,AU,2022-03-16 16:12:05,-34.7333,135.8667,66.85,88,8,6.67,clear sky
40,Lexington,US,2022-03-16 16:10:12,37.9887,-84.4777,64.4,39,0,8.05,clear sky
41,Albany,US,2022-03-16 16:12:06,42.6001,-73.9662,51.64,69,40,2.01,scattered clouds
42,Mataura,NZ,2022-03-16 16:12:06,-46.1927,168.8643,44.47,99,75,2.39,broken clouds
43,Jieshi,CN,2022-03-16 16:12:07,22.8134,115.8257,75.94,88,100,9.04,overcast clouds
44,Arraial Do Cabo,BR,2022-03-16 16:12:07,-22.9661,-42.0278,89.46,51,0,18.41,clear sky
45,Aklavik,CA,2022-03-16 16:12:08,68.2191,-135.0107,-30.66,95,10,4.32,clear sky
46,Victoria,HK,2022-03-16 16:12:08,22.2855,114.1577,75.18,90,100,18.01,overcast clouds
47,Wenchi,GH,2022-03-16 16:13:09,7.7392,-2.1046,99.16,26,68,9.22,broken clouds
48,Torbay,CA,2022-03-16 16:13:10,47.6666,-52.7314,30.27,49,99,8.01,overcast clouds
49,Pinawa,CA,2022-03-16 16:13:10,50.1489,-95.8811,33.17,100,100,3.53,overcast clouds
50,Port Alfred,ZA,2022-03-16 16:13:10,-33.5906,26.891,70.21,64,10,8.97,clear sky
51,Hermanus,ZA,2022-03-16 16:13:11,-34.4187,19.2345,72.81,59,0,19.8,clear sky
52,Mayumba,GA,2022-03-16 16:13:11,-3.432,10.6554,81.05,82,73,10.33,broken clouds
53,Provideniya,RU,2022-03-16 16:12:20,64.3833,-173.3,1.62,75,3,5.08,clear sky
54,Nikolskoye,RU,2022-03-16 16:13:12,59.7035,30.7861,42.69,84,100,3.91,overcast clouds
55,Hobart,AU,2022-03-16 16:09:22,-42.8794,147.3294,63.27,88,40,6.91,light rain
56,Port Macquarie,AU,2022-03-16 16:13:13,-31.4333,152.9167,65.89,93,37,6.22,scattered clouds
57,Cherskiy,RU,2022-03-16 16:13:13,68.75,161.3,-24.93,100,76,4.52,broken clouds
58,Upernavik,GL,2022-03-16 16:13:14,72.7868,-56.1549,-10.48,75,98,5.59,overcast clouds
59,Grindavik,IS,2022-03-16 16:13:14,63.8424,-22.4338,33.15,56,100,19.39,light snow
60,Busselton,AU,2022-03-16 16:13:15,-33.65,115.3333,67.91,82,87,4.94,overcast clouds
61,Atuona,PF,2022-03-16 16:13:15,-9.8,-139.0333,77.83,71,2,14.05,clear sky
62,Inhambane,MZ,2022-03-16 16:13:16,-23.865,35.3833,76.28,90,98,16.24,moderate rain
63,Chuy,UY,2022-03-16 16:13:16,-33.6971,-53.4616,79.9,60,10,7.7,clear sky
64,Marsassoum,SN,2022-03-16 16:13:17,12.8275,-15.9806,99.68,10,49,8.12,scattered clouds
65,Qaqortoq,GL,2022-03-16 16:13:17,60.7167,-46.0333,4.35,53,32,6.53,scattered clouds
66,Tynda,RU,2022-03-16 16:13:18,55.1667,124.7167,4.32,95,100,8.3,light snow
67,Port Elizabeth,ZA,2022-03-16 16:13:18,-33.918,25.5701,70.32,75,5,6.55,clear sky
68,Mantua,IT,2022-03-16 16:13:19,45.1667,10.7833,63.09,62,17,3.0,few clouds
69,Olga,RU,2022-03-16 16:13:19,43.7444,135.2892,25.12,97,77,3.67,broken clouds
70,Rudnogorsk,RU,2022-03-16 16:13:20,57.2639,103.7519,5.5,98,100,2.62,overcast clouds
71,Port Blair,IN,2022-03-16 16:13:20,11.6667,92.75,82.54,79,97,3.31,overcast clouds
72,Barrow,US,2022-03-16 16:13:21,71.2906,-156.7887,-11.18,77,75,9.22,mist
73,Alyangula,AU,2022-03-16 16:13:21,-13.8483,136.4192,82.53,77,69,8.39,broken clouds
74,Naze,JP,2022-03-16 16:13:22,28.3667,129.4833,64.69,90,90,6.17,overcast clouds
75,Kaitangata,NZ,2022-03-16 16:13:22,-46.2817,169.8464,49.75,89,99,6.89,overcast clouds
76,Lower Hutt,NZ,2022-03-16 16:13:23,-41.2167,174.9167,57.31,74,75,18.41,broken clouds
77,Hasaki,JP,2022-03-16 16:13:23,35.7333,140.8333,46.8,81,2,18.72,clear sky
78,New Norfolk,AU,2022-03-16 16:13:23,-42.7826,147.0587,62.92,76,97,1.83,overcast clouds
79,Tubuala,PA,2022-03-16 16:13:24,9.5167,-79.0333,80.83,77,77,9.89,broken clouds
80,Belmonte,BR,2022-03-16 16:13:24,-15.8631,-38.8828,84.92,61,54,6.82,broken clouds
81,Qaanaaq,GL,2022-03-16 16:13:25,77.484,-69.3632,-10.08,74,100,9.89,overcast clouds
82,Narsaq,GL,2022-03-16 16:13:25,60.9167,-46.05,8.82,51,66,2.82,broken clouds
83,Ikalamavony,MG,2022-03-16 16:13:26,-21.15,46.5833,71.74,90,99,1.92,moderate rain
84,Constitucion,CL,2022-03-16 16:13:26,-35.3333,-72.4167,65.89,73,84,5.03,broken clouds
85,Nhulunbuy,AU,2022-03-16 16:13:26,-12.2333,136.7667,79.41,94,25,0.0,scattered clouds
86,Xichang,CN,2022-03-16 16:13:27,27.8964,102.2634,58.89,66,100,1.39,overcast clouds
87,Chokurdakh,RU,2022-03-16 16:13:27,70.6333,147.9167,-16.56,97,70,10.45,broken clouds
88,Jalu,LY,2022-03-16 16:13:28,29.0331,21.5482,62.73,26,0,8.01,clear sky
89,Khatanga,RU,2022-03-16 16:13:28,71.9667,102.5,-19.82,93,26,8.21,scattered clouds
90,Kamariotissa,GR,2022-03-16 16:13:29,40.4833,25.4667,51.53,58,100,5.35,overcast clouds
91,Cabo San Lucas,MX,2022-03-16 16:12:18,22.8909,-109.9124,79.11,39,0,3.44,clear sky
92,Thompson,CA,2022-03-16 16:14:29,55.7435,-97.8558,14.88,90,100,2.75,overcast clouds
93,Ushibuka,JP,2022-03-16 16:14:30,32.1906,130.0228,60.71,65,97,4.47,overcast clouds
94,Kodiak,US,2022-03-16 16:14:30,57.79,-152.4072,35.11,93,100,0.0,overcast clouds
95,Lucapa,AO,2022-03-16 16:14:31,-8.4192,20.7447,73.81,90,100,3.22,light rain
96,Erzin,TR,2022-03-16 16:14:31,36.9559,36.2,39.79,71,6,3.6,clear sky
97,Rae Bareli,IN,2022-03-16 16:14:32,26.2167,81.2333,81.77,23,10,6.58,clear sky
98,Sioux Lookout,CA,2022-03-16 16:14:32,50.1001,-91.917,34.09,100,100,4.52,overcast clouds
99,Hokitika,NZ,2022-03-16 16:14:32,-42.7167,170.9667,54.46,72,5,6.15,clear sky
100,Klaksvik,FO,2022-03-16 16:14:33,62.2266,-6.589,40.12,65,71,28.81,broken clouds
101,Anuradhapura,LK,2022-03-16 16:14:33,8.3565,80.4173,75.81,80,100,3.06,overcast clouds
102,Zunyi,CN,2022-03-16 16:14:34,27.6867,106.9072,61.48,93,93,0.72,overcast clouds
103,Gawler,AU,2022-03-16 16:14:34,-34.6,138.7333,71.1,83,100,5.1,overcast clouds
104,Grootfontein,NA,2022-03-16 16:14:34,-19.5667,18.1167,77.49,36,46,7.25,scattered clouds
105,Vila Velha,BR,2022-03-16 16:14:35,-20.3297,-40.2925,87.75,69,40,11.5,scattered clouds
106,Paragominas,BR,2022-03-16 16:14:35,-2.9667,-47.4833,78.4,78,99,1.25,overcast clouds
107,Cape Town,ZA,2022-03-16 16:11:24,-33.9258,18.4232,74.1,64,0,17.13,clear sky
108,Sao Filipe,CV,2022-03-16 16:14:36,14.8961,-24.4956,70.36,72,4,11.61,clear sky
109,Sitka,US,2022-03-16 16:13:07,57.0531,-135.33,44.49,65,100,20.71,light rain
110,Kailua,US,2022-03-16 16:14:37,21.4022,-157.7394,75.74,90,62,1.99,broken clouds
111,Sokolovo,RU,2022-03-16 16:14:37,52.5318,84.7896,13.05,98,100,2.59,overcast clouds
112,Saint-Augustin,CA,2022-03-16 16:14:38,51.226,-58.6502,10.67,70,88,11.23,overcast clouds
113,Mian Channun,PK,2022-03-16 16:14:38,30.44,72.3543,82.74,26,1,6.42,clear sky
114,Sergeyevka,KZ,2022-03-16 16:14:38,53.88,67.4158,-5.78,100,64,1.83,broken clouds
115,Koutsouras,GR,2022-03-16 16:14:39,35.0339,25.9469,57.11,56,5,8.46,clear sky
116,Saint-Philippe,RE,2022-03-16 16:14:39,-21.3585,55.7679,80.19,87,78,9.06,light rain
117,Manyana,BW,2022-03-16 16:14:40,-23.4,21.7167,79.2,27,0,8.95,clear sky
118,Houston,US,2022-03-16 16:11:14,29.7633,-95.3633,71.31,62,0,3.44,clear sky
119,Jizan,SA,2022-03-16 16:14:40,17.3333,42.6667,79.05,64,26,13.22,scattered clouds
120,Hualmay,PE,2022-03-16 16:14:41,-11.0964,-77.6139,77.68,64,71,8.77,broken clouds
121,Qingdao,CN,2022-03-16 16:14:41,36.0986,120.3719,43.21,65,100,16.08,overcast clouds
122,Beloha,MG,2022-03-16 16:14:42,-25.1667,45.05,76.89,75,48,8.66,scattered clouds
123,Prieska,ZA,2022-03-16 16:14:42,-29.6641,22.7474,78.31,23,2,9.86,clear sky
124,Filingue,NE,2022-03-16 16:14:42,14.3521,3.3168,100.85,8,8,10.69,clear sky
125,Wencheng,CN,2022-03-16 16:14:43,33.0559,113.7978,46.4,92,100,22.79,overcast clouds
126,Vagur,FO,2022-03-16 16:14:43,61.4732,-6.8119,42.24,67,58,28.45,broken clouds
127,Lieksa,FI,2022-03-16 16:14:44,63.3167,30.0167,30.07,92,89,6.11,overcast clouds
128,Takoradi,GH,2022-03-16 16:14:44,4.8845,-1.7554,84.43,69,97,8.7,overcast clouds
129,Dalby,AU,2022-03-16 16:14:44,-27.1833,151.2667,61.99,90,0,6.33,clear sky
130,Bredasdorp,ZA,2022-03-16 16:14:45,-34.5322,20.0403,69.35,60,2,12.95,clear sky
131,Castro,BR,2022-03-16 16:14:45,-24.7911,-50.0119,67.98,91,98,8.37,overcast clouds
132,Evansville,US,2022-03-16 16:14:46,37.9748,-87.5558,66.2,38,0,12.66,clear sky
133,Husavik,IS,2022-03-16 16:14:46,66.0449,-17.3389,32.22,64,65,18.79,broken clouds
134,Sorrento,IT,2022-03-16 16:14:47,40.626,14.3744,59.11,83,72,3.2,broken clouds
135,Quthing,LS,2022-03-16 16:14:47,-30.4,27.7003,66.13,51,12,1.59,few clouds
136,Puerto Ayacucho,VE,2022-03-16 16:14:48,5.6639,-67.6236,93.81,40,55,6.78,broken clouds
137,Aquiraz,BR,2022-03-16 16:14:48,-3.9014,-38.3911,83.05,66,93,7.34,light rain
138,Severnoye,RU,2022-03-16 16:15:48,56.3491,78.3619,6.46,96,18,7.78,few clouds
139,Bathsheba,BB,2022-03-16 16:15:49,13.2167,-59.5167,84.81,54,20,25.32,few clouds
140,Poum,NC,2022-03-16 16:15:49,-20.2333,164.0167,78.93,87,100,9.04,heavy intensity rain
141,Richards Bay,ZA,2022-03-16 16:15:50,-28.783,32.0377,70.75,82,59,6.98,light rain
142,Ponta Do Sol,PT,2022-03-16 16:15:50,32.6667,-17.1,66.06,59,0,4.68,clear sky
143,Faya,SA,2022-03-16 16:15:51,18.3851,42.4509,59.52,72,14,6.89,few clouds
144,Maarianhamina,AX,2022-03-16 16:15:51,60.0973,19.9348,40.86,65,0,4.61,clear sky
145,Labuan,MY,2022-03-16 16:15:52,5.2767,115.2417,79.16,94,40,2.3,scattered clouds
146,Vardo,NO,2022-03-16 16:15:52,70.3705,31.1107,28.38,69,0,17.27,clear sky
147,Sawankhalok,TH,2022-03-16 16:15:53,17.316,99.8319,86.49,52,66,2.19,broken clouds
148,Marzuq,YE,2022-03-16 16:15:53,14.4,46.4667,68.58,53,3,8.97,clear sky
149,Burnie,AU,2022-03-16 16:15:53,-41.0667,145.9167,67.91,93,98,10.74,overcast clouds
150,Tabuk,PH,2022-03-16 16:15:54,17.4189,121.4443,74.73,92,100,3.09,overcast clouds
151,Kavieng,PG,2022-03-16 16:15:54,-2.5744,150.7967,82.42,76,59,13.02,broken clouds
152,Puerto Carreno,CO,2022-03-16 16:15:55,6.189,-67.4859,85.98,62,40,12.66,scattered clouds
153,Tuatapere,NZ,2022-03-16 16:15:55,-46.1333,167.6833,44.85,96,72,3.56,broken clouds
154,Maneadero,MX,2022-03-16 16:15:56,31.7167,-116.5667,55.09,91,12,2.77,few clouds
155,Longyearbyen,SJ,2022-03-16 16:15:56,78.2186,15.6401,37.24,75,75,13.8,broken clouds
156,Elizabeth City,US,2022-03-16 16:15:56,36.2946,-76.2511,66.22,77,0,3.44,clear sky
157,Pokhara,NP,2022-03-16 16:14:35,28.2333,83.9833,69.84,37,1,6.06,clear sky
158,Tiksi,RU,2022-03-16 16:15:57,71.6872,128.8694,-12.8,97,100,9.57,overcast clouds
159,Ust-Maya,RU,2022-03-16 16:15:58,60.4167,134.5333,3.27,96,100,3.65,overcast clouds
160,Limon,CR,2022-03-16 16:15:58,10.0,-83.0333,82.29,78,75,4.61,broken clouds
161,Honningsvag,NO,2022-03-16 16:15:59,70.9821,25.9704,31.75,74,0,28.77,clear sky
162,Gobabis,NA,2022-03-16 16:15:59,-22.45,18.9667,79.7,17,0,8.25,clear sky
163,Dobsina,SK,2022-03-16 16:16:00,48.8207,20.3699,41.85,86,85,6.53,overcast clouds
164,Samarai,PG,2022-03-16 16:16:00,-10.6167,150.6667,83.01,76,98,14.54,overcast clouds
165,Straz Pod Ralskem,CZ,2022-03-16 16:16:01,50.7028,14.801,52.86,70,93,5.61,overcast clouds
166,Fare,PF,2022-03-16 16:16:01,-16.7,-151.0167,80.51,70,7,6.46,clear sky
167,Mount Gambier,AU,2022-03-16 16:16:02,-37.8333,140.7667,66.15,91,100,4.27,overcast clouds
168,Mahebourg,MU,2022-03-16 16:16:02,-20.4081,57.7,80.89,83,40,0.0,scattered clouds
169,Baykit,RU,2022-03-16 16:16:02,61.67,96.37,-1.17,99,99,1.97,overcast clouds
170,Alta Floresta,BR,2022-03-16 16:11:47,-9.8756,-56.0861,72.61,97,100,2.64,light rain
171,Vostok,RU,2022-03-16 16:16:03,46.4856,135.8833,24.37,97,100,3.78,snow
172,Marathon,US,2022-03-16 16:16:04,44.9,-89.7668,52.84,65,0,11.5,clear sky
173,Mar Del Plata,AR,2022-03-16 16:13:19,-38.0023,-57.5575,82.42,67,40,20.71,scattered clouds
174,Martinsville,US,2022-03-16 16:16:04,36.6915,-79.8725,65.37,61,75,5.75,broken clouds
175,Atar,MR,2022-03-16 16:16:05,20.5169,-13.0499,81.05,16,0,14.5,clear sky
176,Lasa,IT,2022-03-16 16:16:05,46.6166,10.7002,59.88,82,9,3.56,clear sky
177,Ha Giang,VN,2022-03-16 16:16:05,22.8333,104.9833,73.44,95,79,2.75,broken clouds
178,San Jeronimo,PE,2022-03-16 16:16:06,-11.9472,-75.2829,56.35,56,60,1.54,broken clouds
179,Saskylakh,RU,2022-03-16 16:16:06,71.9167,114.0833,-23.85,100,90,5.79,overcast clouds
180,Bonthe,SL,2022-03-16 16:17:07,7.5264,-12.505,84.11,66,71,11.54,broken clouds
181,Zenzeli,RU,2022-03-16 16:17:07,45.9241,47.0474,30.81,49,91,6.53,overcast clouds
182,Paamiut,GL,2022-03-16 16:17:08,61.994,-49.6678,7.5,87,100,2.64,light snow
183,Korla,CN,2022-03-16 16:17:08,41.7597,86.1469,51.21,55,100,11.25,overcast clouds
184,Bambous Virieux,MU,2022-03-16 16:17:08,-20.3428,57.7575,80.85,83,40,0.0,light rain
185,Flinders,AU,2022-03-16 16:17:09,-34.5833,150.8552,66.18,92,16,3.0,few clouds
186,Hami,CN,2022-03-16 16:17:09,42.8,93.45,49.48,27,92,7.02,light rain
187,Dikson,RU,2022-03-16 16:17:10,73.5069,80.5464,1.31,98,100,13.29,overcast clouds
188,Lodja,CD,2022-03-16 16:17:10,-3.4833,23.4333,73.92,87,100,4.12,overcast clouds
189,Nemuro,JP,2022-03-16 16:17:01,43.3236,145.575,30.7,99,100,8.75,light snow
190,Iqaluit,CA,2022-03-16 16:17:11,63.7506,-68.5145,-0.31,59,100,8.05,overcast clouds
191,Keningau,MY,2022-03-16 16:17:11,5.3378,116.1602,72.91,99,91,1.16,overcast clouds
192,Hofn,IS,2022-03-16 16:17:12,64.2539,-15.2082,37.47,53,99,27.4,overcast clouds
193,San Cristobal,VE,2022-03-16 16:17:12,7.7669,-72.225,73.58,44,86,7.18,overcast clouds
194,Mandalgovi,MN,2022-03-16 16:17:13,45.7625,106.2708,20.14,38,93,15.12,overcast clouds
195,Tessalit,ML,2022-03-16 16:17:13,20.1986,1.0114,94.86,7,5,13.13,clear sky
196,Santa Cruz Del Sur,CU,2022-03-16 16:17:14,20.7147,-77.9956,83.01,62,6,14.27,light rain
197,Skjervoy,NO,2022-03-16 16:17:14,70.0311,20.9714,38.84,72,1,14.2,clear sky
198,Adrar,MR,2022-03-16 16:17:14,20.5022,-10.0711,78.22,18,0,11.52,clear sky
199,Hithadhoo,MV,2022-03-16 16:17:15,-0.6,73.0833,84.43,72,100,10.31,overcast clouds
200,Isangel,VU,2022-03-16 16:17:15,-19.55,169.2667,80.37,86,97,6.76,overcast clouds
201,Churapcha,RU,2022-03-16 16:17:16,62.0025,132.4325,-3.53,96,100,5.97,overcast clouds
202,Zhigansk,RU,2022-03-16 16:17:16,66.7697,123.3711,-17.61,100,94,7.45,overcast clouds
203,Laguna,US,2022-03-16 16:17:17,38.421,-121.4238,59.09,84,0,8.05,clear sky
204,Clyde River,CA,2022-03-16 16:17:17,70.4692,-68.5914,-18.17,76,100,0.0,haze
205,San Fernando,PH,2022-03-16 16:12:21,15.0286,120.6898,77.63,87,72,3.15,moderate rain
206,Ejido,VE,2022-03-16 16:17:18,8.5514,-71.2375,80.64,53,28,6.29,scattered clouds
207,Kiama,AU,2022-03-16 16:12:59,-34.6833,150.8667,68.0,93,18,3.31,few clouds
208,Avarua,CK,2022-03-16 16:17:18,-21.2078,-159.775,71.65,100,5,1.14,clear sky
209,Manacor,ES,2022-03-16 16:17:19,39.5696,3.2096,60.31,82,95,16.06,overcast clouds
210,Cidreira,BR,2022-03-16 16:17:19,-30.1811,-50.2056,76.8,68,100,15.59,overcast clouds
211,Vila Franca Do Campo,PT,2022-03-16 16:17:20,37.7167,-25.4333,64.81,58,100,7.94,overcast clouds
212,Carnarvon,AU,2022-03-16 16:17:20,-24.8667,113.6333,77.07,69,73,18.41,broken clouds
213,Souillac,MU,2022-03-16 16:17:20,-20.5167,57.5167,80.98,83,40,0.0,scattered clouds
214,Esperance,AU,2022-03-16 16:17:21,-33.8667,121.9,66.27,88,0,6.93,clear sky
215,Surazh,RU,2022-03-16 16:17:21,53.0175,32.3918,26.29,83,65,6.02,broken clouds
216,Kamaishi,JP,2022-03-16 16:17:22,39.2667,141.8833,39.92,81,20,4.32,few clouds
217,Wukari,NG,2022-03-16 16:17:22,7.85,9.7833,102.54,8,79,7.65,broken clouds
218,Noumea,NC,2022-03-16 16:14:13,-22.2763,166.4572,82.0,99,98,3.69,overcast clouds
219,Airai,TL,2022-03-16 16:17:23,-8.9266,125.4092,60.31,93,90,1.5,overcast clouds
220,Necochea,AR,2022-03-16 16:17:23,-38.5473,-58.7368,84.81,37,0,12.64,clear sky
221,Chumphon,TH,2022-03-16 16:17:24,10.3333,98.8333,72.28,90,89,1.88,overcast clouds
222,Byron Bay,AU,2022-03-16 16:12:49,-28.65,153.6167,68.94,89,59,8.55,broken clouds
223,Nuevo Progreso,MX,2022-03-16 16:17:24,23.1667,-97.95,80.55,35,0,8.08,clear sky
224,Praia Da Vitoria,PT,2022-03-16 16:17:25,38.7333,-27.0667,63.75,59,20,8.9,few clouds
225,Vestmanna,FO,2022-03-16 16:17:25,62.1564,-7.1664,38.32,75,75,18.41,broken clouds
226,Perote,MX,2022-03-16 16:17:26,19.5667,-97.2333,58.55,59,10,2.77,clear sky
227,Qasigiannguit,GL,2022-03-16 16:17:26,68.8193,-51.1922,-1.95,86,100,3.04,overcast clouds
228,Chamba,IN,2022-03-16 16:16:25,32.5667,76.1333,70.23,37,0,9.1,clear sky
229,Coquimbo,CL,2022-03-16 16:18:27,-29.9533,-71.3436,67.73,68,40,6.91,scattered clouds
230,Komsomolskiy,UZ,2022-03-16 16:18:27,40.4272,71.7189,48.92,87,75,2.3,mist
231,Butaritari,KI,2022-03-16 16:15:19,3.0707,172.7902,81.52,78,22,20.6,light rain
232,Pitimbu,BR,2022-03-16 16:18:28,-7.4706,-34.8086,86.59,69,26,9.91,scattered clouds
233,Busembatia,UG,2022-03-16 16:18:28,0.7697,33.6131,78.03,52,73,9.35,broken clouds
234,Lalsk,RU,2022-03-16 16:18:29,60.7415,47.5862,11.26,96,71,2.82,broken clouds
235,Neiafu,TO,2022-03-16 16:18:29,-18.65,-173.9833,79.48,94,75,0.0,broken clouds
236,Nuuk,GL,2022-03-16 16:18:30,64.1835,-51.7216,3.81,78,75,1.14,broken clouds
237,Stornoway,GB,2022-03-16 16:15:17,58.2093,-6.3865,44.92,77,40,19.57,scattered clouds
238,Saldanha,ZA,2022-03-16 16:18:30,-33.0117,17.9442,67.03,73,30,15.82,scattered clouds
239,Samarinda,ID,2022-03-16 16:18:31,-0.5,117.15,73.83,99,32,0.45,scattered clouds
240,Mpika,ZM,2022-03-16 16:18:31,-11.8343,31.4529,66.09,96,81,4.14,light rain
241,Camacha,PT,2022-03-16 16:18:32,33.0833,-16.3333,62.02,63,40,23.02,scattered clouds
242,Peterborough,GB,2022-03-16 16:18:32,52.5736,-0.2478,50.22,98,100,6.91,heavy intensity rain
243,Bengkulu,ID,2022-03-16 16:18:33,-3.8004,102.2655,78.58,86,100,3.49,moderate rain
244,Zeya,RU,2022-03-16 16:18:33,53.75,127.2667,14.27,96,100,2.19,light snow
245,Vilcun,CL,2022-03-16 16:15:23,-38.65,-72.2333,63.34,31,2,4.79,clear sky
246,Chapais,CA,2022-03-16 16:17:46,49.7834,-74.8492,28.18,91,98,12.19,light snow
247,Portobelo,PA,2022-03-16 16:18:34,9.55,-79.65,80.73,79,80,11.97,broken clouds
248,Ilinge,ZA,2022-03-16 16:18:34,-31.9768,27.0427,59.83,73,23,11.27,few clouds
249,Mount Isa,AU,2022-03-16 16:18:25,-20.7333,139.5,74.97,88,7,0.0,light rain
250,Hun,LY,2022-03-16 16:18:35,29.1268,15.9477,69.03,16,0,14.56,clear sky
251,Broome,US,2022-03-16 16:18:35,42.2506,-75.833,53.98,64,0,6.91,clear sky
252,Tautira,PF,2022-03-16 16:18:36,-17.7333,-149.15,80.29,71,18,4.18,few clouds
253,Chumikan,RU,2022-03-16 16:18:36,54.7183,135.315,16.48,94,100,18.52,light snow
254,Banikoara,BJ,2022-03-16 16:18:37,11.2985,2.4386,100.24,17,100,2.13,overcast clouds
255,Atasu,KZ,2022-03-16 16:18:37,48.6814,71.6433,2.5,92,42,7.49,scattered clouds
256,Oudtshoorn,ZA,2022-03-16 16:18:38,-33.5907,22.2014,64.76,55,1,13.33,clear sky
257,Lazaro Cardenas,MX,2022-03-16 16:18:38,17.9583,-102.2,82.8,51,0,1.45,clear sky
258,Tasiilaq,GL,2022-03-16 16:18:39,65.6145,-37.6368,26.76,80,98,5.32,overcast clouds
259,Grand Gaube,MU,2022-03-16 16:18:39,-20.0064,57.6608,81.0,86,51,6.55,broken clouds
260,Chaoyang,CN,2022-03-16 16:18:40,41.5703,120.4586,24.39,42,50,6.96,scattered clouds
261,Mwanza,TZ,2022-03-16 16:18:40,-2.5167,32.9,76.24,59,46,5.77,scattered clouds
262,Shubarkuduk,KZ,2022-03-16 16:18:41,49.1447,56.4872,15.58,86,100,17.78,overcast clouds
263,Rush,IE,2022-03-16 16:18:41,53.5223,-6.0931,51.87,54,40,12.66,scattered clouds
264,Palencia,ES,2022-03-16 16:18:41,42.4167,-4.5,53.15,72,100,20.92,overcast clouds
265,Boende,CD,2022-03-16 16:18:42,-0.2167,20.8667,79.27,78,97,3.94,overcast clouds
266,Antofagasta,CL,2022-03-16 16:17:19,-23.65,-70.4,75.22,60,45,8.61,scattered clouds
267,Starachowice,PL,2022-03-16 16:13:43,51.0374,21.0713,53.38,66,100,5.17,overcast clouds
268,General Roca,AR,2022-03-16 16:18:43,-39.0333,-67.5833,90.63,12,46,13.53,scattered clouds
269,Chippewa Falls,US,2022-03-16 16:16:10,44.9369,-91.3929,53.98,62,0,10.36,clear sky
270,Waddan,LY,2022-03-16 16:18:43,29.1614,16.139,67.91,18,0,15.48,clear sky
271,Ampanihy,MG,2022-03-16 16:18:44,-24.7,44.75,78.39,68,84,11.9,broken clouds
272,Saint George,US,2022-03-16 16:18:44,37.1041,-113.5841,63.79,39,75,8.05,broken clouds
273,Alofi,NU,2022-03-16 16:19:44,-19.0595,-169.9187,73.29,94,10,2.3,clear sky
274,Nome,US,2022-03-16 16:15:43,64.5011,-165.4064,-0.33,65,0,4.61,clear sky
275,Fort Wellington,GY,2022-03-16 16:19:45,6.4,-57.6,80.92,75,57,10.09,broken clouds
276,Foso,GH,2022-03-16 16:19:46,5.7012,-1.2866,91.6,48,98,6.4,overcast clouds
277,Itaituba,BR,2022-03-16 16:19:46,-4.2761,-55.9836,89.76,62,40,5.75,scattered clouds
278,Gat,IL,2022-03-16 16:19:46,31.61,34.7642,54.28,38,3,8.68,clear sky
279,Westport,US,2022-03-16 16:19:47,41.1415,-73.3579,62.15,68,0,4.0,clear sky
280,Giyani,ZA,2022-03-16 16:19:47,-23.3025,30.7187,66.13,87,100,6.29,overcast clouds
281,Lorengau,PG,2022-03-16 16:19:48,-2.0226,147.2712,82.27,78,100,8.68,overcast clouds
282,Bandiagara,ML,2022-03-16 16:19:48,14.3501,-3.6104,100.49,17,25,6.08,scattered clouds
283,Faanui,PF,2022-03-16 16:19:48,-16.4833,-151.75,81.12,67,1,7.54,clear sky
284,Vestmannaeyjar,IS,2022-03-16 16:19:49,63.4427,-20.2734,31.19,93,40,19.57,scattered clouds
285,Huainan,CN,2022-03-16 16:19:49,32.6264,116.9969,55.44,87,100,23.2,moderate rain
286,Luena,AO,2022-03-16 16:19:50,-11.7833,19.9167,69.3,86,100,1.86,light rain
287,Anadyr,RU,2022-03-16 16:19:50,64.75,177.4833,-8.9,77,20,13.42,fog
288,Sibenik,HR,2022-03-16 16:19:50,43.7272,15.9058,56.37,73,12,5.99,few clouds
289,Koumac,NC,2022-03-16 16:19:51,-20.5667,164.2833,78.71,87,100,2.91,moderate rain
290,Kabugao,PH,2022-03-16 16:19:51,18.0217,121.1842,74.68,99,100,0.76,overcast clouds
291,Baruun-Urt,MN,2022-03-16 16:19:52,46.6806,113.2792,12.2,23,0,6.91,clear sky
292,Rawson,AR,2022-03-16 16:19:52,-43.3002,-65.1023,80.08,22,2,0.09,clear sky
293,Gofitskoye,RU,2022-03-16 16:19:53,45.0792,43.0464,24.94,82,100,3.4,overcast clouds
294,Gushikawa,JP,2022-03-16 16:19:53,26.3544,127.8686,69.8,80,20,9.22,few clouds
295,Sukhothai,TH,2022-03-16 16:19:53,17.25,99.6667,87.46,49,71,1.81,broken clouds
296,Aberdeen,GB,2022-03-16 16:19:54,57.1437,-2.0981,44.49,94,40,3.44,light rain
297,Galle,LK,2022-03-16 16:18:35,6.0367,80.217,80.46,83,100,8.46,moderate rain
298,Ponta Delgada,PT,2022-03-16 16:15:46,37.7333,-25.6667,65.12,55,40,10.36,scattered clouds
299,Sao Felix Do Xingu,BR,2022-03-16 16:19:55,-6.6447,-51.995,83.91,69,96,1.81,overcast clouds
300,Cacahoatan,MX,2022-03-16 16:19:55,14.9833,-92.1667,80.8,38,3,6.4,clear sky
301,Altamira,BR,2022-03-16 16:19:55,-3.2033,-52.2064,86.09,70,40,4.61,scattered clouds
302,Cockburn Town,TC,2022-03-16 16:19:56,21.4612,-71.1419,77.97,72,0,16.17,clear sky
303,Ust-Nera,RU,2022-03-16 16:19:56,64.5667,143.2,-18.54,91,25,3.24,scattered clouds
304,Lebu,CL,2022-03-16 16:19:57,-37.6167,-73.65,64.49,71,28,10.6,scattered clouds
305,Shuya,RU,2022-03-16 16:19:57,56.8487,41.3883,17.1,90,81,4.59,broken clouds
306,Shangrao,CN,2022-03-16 16:19:57,28.4532,117.9686,70.18,85,100,2.53,overcast clouds
307,Popondetta,PG,2022-03-16 16:19:58,-8.7537,148.2534,72.84,95,86,3.2,overcast clouds
308,Shingu,JP,2022-03-16 16:19:58,33.7333,135.9833,54.37,54,52,4.9,broken clouds
309,Hovd,MN,2022-03-16 16:19:59,48.0056,91.6419,27.28,25,4,8.01,clear sky
310,Mayskiy,RU,2022-03-16 16:19:59,47.6931,40.1025,26.01,57,78,13.27,broken clouds
311,Berlevag,NO,2022-03-16 16:20:00,70.8578,29.0864,35.6,64,0,21.85,clear sky
312,Abeche,TD,2022-03-16 16:20:00,13.8292,20.8324,88.97,6,0,13.02,clear sky
313,Port Hawkesbury,CA,2022-03-16 16:20:01,45.6169,-61.3485,32.92,71,0,9.22,clear sky
314,Dolores,AR,2022-03-16 16:20:02,-36.3132,-57.6792,83.57,42,0,12.8,clear sky
315,Codrington,AU,2022-03-16 16:20:03,-38.2667,141.9667,66.34,88,100,8.61,light rain
316,Butembo,CD,2022-03-16 16:20:04,0.15,29.2833,63.03,85,98,2.89,overcast clouds
317,Inongo,CD,2022-03-16 16:20:05,-1.95,18.2667,71.56,94,100,4.85,light rain
318,Tammisaari,FI,2022-03-16 16:20:05,59.9736,23.4339,36.1,90,5,3.8,clear sky
319,Axim,GH,2022-03-16 16:20:06,4.8699,-2.2405,83.93,71,99,7.67,overcast clouds
320,Hudson Bay,CA,2022-03-16 16:20:06,52.85,-102.3842,30.07,98,100,3.36,overcast clouds
321,Namatanai,PG,2022-03-16 16:20:07,-3.6667,152.4333,78.75,83,69,7.63,broken clouds
322,Kilindoni,TZ,2022-03-16 16:21:08,-7.9139,39.6668,82.15,75,40,15.9,scattered clouds
323,Hongjiang,CN,2022-03-16 16:21:09,27.11,109.9956,70.88,80,63,9.1,broken clouds
324,Kaiserslautern,DE,2022-03-16 16:21:09,49.45,7.75,53.35,51,0,11.5,clear sky
325,Nishihara,JP,2022-03-16 16:21:09,26.1842,127.7558,69.85,85,20,9.22,few clouds
326,Tokur,RU,2022-03-16 16:21:10,53.1333,132.9,10.22,94,100,3.83,overcast clouds
327,East London,ZA,2022-03-16 16:20:18,-33.0153,27.9116,72.54,64,0,6.91,clear sky
328,Staronizhestebliyevskaya,RU,2022-03-16 16:21:10,45.3767,38.4517,28.11,62,79,8.52,broken clouds
329,Ancud,CL,2022-03-16 16:21:11,-41.8697,-73.8203,59.23,79,100,16.67,overcast clouds
330,Lagoa,PT,2022-03-16 16:21:11,39.05,-27.9833,57.02,61,100,12.3,overcast clouds
331,Verkhoyansk,RU,2022-03-16 16:21:12,67.5447,133.385,-27.24,99,26,2.57,scattered clouds
332,Abyek,IR,2022-03-16 16:21:12,36.0667,50.55,33.46,54,10,8.97,clear sky
333,Muzaffarabad,PK,2022-03-16 16:21:13,34.37,73.4711,69.91,48,0,7.2,clear sky
334,Arkhangelsk,RU,2022-03-16 16:21:13,64.5401,40.5433,30.31,58,0,2.24,clear sky
335,Olathe,US,2022-03-16 16:18:14,38.8814,-94.8191,65.89,61,0,16.11,clear sky
336,Pontecorvo,IT,2022-03-16 16:21:14,41.4616,13.6667,63.88,63,64,3.83,broken clouds
337,Shelburne,CA,2022-03-16 16:21:15,44.0787,-80.2041,41.36,82,97,7.36,overcast clouds
338,Solok,ID,2022-03-16 16:21:15,-0.7918,100.6593,72.55,95,100,2.64,overcast clouds
339,Petropavlovsk-Kamchatskiy,RU,2022-03-16 16:21:16,53.0452,158.6483,16.39,73,0,8.95,clear sky
340,Malanje,AO,2022-03-16 16:21:17,-9.5402,16.341,71.65,77,100,6.87,overcast clouds
341,Roald,NO,2022-03-16 16:21:17,62.5833,6.1333,49.12,71,75,11.5,light rain
342,Rio Grande,BR,2022-03-16 16:21:17,-32.035,-52.0986,82.51,66,31,17.22,scattered clouds
343,Beli Potok,RS,2022-03-16 16:21:18,44.7061,20.5197,51.15,71,100,6.42,light rain
344,Olafsvik,IS,2022-03-16 16:21:18,64.8945,-23.7142,30.2,67,100,23.24,heavy snow
345,College,US,2022-03-16 16:21:19,64.8569,-147.8028,8.55,63,75,9.22,broken clouds
346,Tromso,NO,2022-03-16 16:21:19,69.6496,18.957,41.02,48,0,17.27,clear sky
347,Shenkursk,RU,2022-03-16 16:21:20,62.1091,42.896,19.27,94,42,5.39,scattered clouds
348,Coihaique,CL,2022-03-16 16:21:20,-45.5752,-72.0662,58.95,72,75,6.91,broken clouds
349,Praya,CV,2022-03-16 16:19:54,14.9215,-23.5087,75.74,50,20,24.16,few clouds
350,Bam,IR,2022-03-16 16:21:21,29.106,58.357,79.77,13,0,12.24,clear sky
351,Asau,RO,2022-03-16 16:21:21,46.4333,26.4,38.32,71,100,4.05,overcast clouds
352,Hobyo,SO,2022-03-16 16:21:22,5.3505,48.5268,79.16,71,91,11.16,overcast clouds
353,Sorland,NO,2022-03-16 16:21:23,67.667,12.6934,42.66,77,100,32.88,overcast clouds
354,Salinopolis,BR,2022-03-16 16:21:23,-0.6136,-47.3561,79.32,84,99,4.79,overcast clouds
355,Poopo,BO,2022-03-16 16:21:24,-18.3667,-66.9667,48.97,66,98,7.94,overcast clouds
356,Fort Saint James,CA,2022-03-16 16:21:24,54.4333,-124.25,33.55,78,76,5.08,broken clouds
357,Esso,RU,2022-03-16 16:21:24,55.9333,158.7,1.81,98,80,4.12,broken clouds
358,Bisert,RU,2022-03-16 16:21:25,56.8617,59.0523,5.25,94,20,0.87,few clouds
359,Abu Samrah,SY,2022-03-16 16:21:25,35.3029,37.1841,43.66,58,0,10.58,clear sky
360,Yatou,CN,2022-03-16 16:21:26,37.15,122.3833,37.78,65,100,21.47,heavy intensity rain
361,Ceres,US,2022-03-16 16:21:26,37.5949,-120.9577,59.05,81,75,13.8,broken clouds
362,Gouyave,GD,2022-03-16 16:21:26,12.1646,-61.7296,84.97,62,20,32.21,few clouds
363,Dudinka,RU,2022-03-16 16:21:27,69.4058,86.1778,-14.48,99,37,4.45,scattered clouds
364,Ilulissat,GL,2022-03-16 16:21:27,69.2167,-51.1,-2.18,46,75,13.8,broken clouds
365,Durango,MX,2022-03-16 16:20:28,24.8333,-104.8333,63.63,13,12,2.1,few clouds
366,Baker City,US,2022-03-16 16:19:07,44.7749,-117.8344,38.59,78,100,0.0,overcast clouds
367,Moron,AR,2022-03-16 16:21:28,-34.6534,-58.6198,82.29,50,0,9.4,clear sky
368,Cascais,PT,2022-03-16 16:21:29,38.6979,-9.4215,59.47,76,40,32.21,light intensity drizzle
369,Jackson,US,2022-03-16 16:16:38,42.4165,-122.8345,43.84,85,0,1.99,clear sky
370,Vao,NC,2022-03-16 16:22:29,-22.6667,167.4833,80.06,83,99,11.65,overcast clouds
371,Izhma,RU,2022-03-16 16:21:11,65.0083,53.9113,24.62,93,100,5.95,overcast clouds
372,Jawhar,SO,2022-03-16 16:22:30,2.7809,45.5005,80.38,64,7,19.37,clear sky
373,Oktyabrskoye,RU,2022-03-16 16:22:30,43.0645,44.7417,21.34,92,100,0.0,light snow
374,Egvekinot,RU,2022-03-16 16:22:31,66.3167,-179.1667,-7.08,69,0,8.12,clear sky
375,Ibra,OM,2022-03-16 16:22:31,22.6906,58.5334,85.17,15,4,7.38,clear sky
376,Chichigalpa,NI,2022-03-16 16:22:31,12.5776,-87.027,92.21,34,23,6.04,few clouds
377,Kamenka,RU,2022-03-16 16:22:32,51.3223,42.7678,19.0,91,99,15.77,overcast clouds
378,Vanimo,PG,2022-03-16 16:22:32,-2.6741,141.3028,78.17,89,100,5.82,overcast clouds
379,Kidal,ML,2022-03-16 16:18:50,18.4411,1.4078,97.54,7,7,10.63,clear sky
380,Kaspiyskiy,RU,2022-03-16 16:21:10,45.3929,47.3707,32.68,44,66,7.61,broken clouds
381,Sosua,DO,2022-03-16 16:21:34,19.7667,-70.5167,84.24,78,75,11.5,broken clouds
382,Aleksandrovskiy Zavod,RU,2022-03-16 16:22:34,50.9237,117.9374,-10.19,94,29,4.81,scattered clouds
383,Indramayu,ID,2022-03-16 16:22:34,-6.3264,108.32,79.97,84,100,9.19,overcast clouds
384,Panzhihua,CN,2022-03-16 16:22:34,26.5851,101.7128,65.05,49,53,2.37,broken clouds
385,Alakurtti,RU,2022-03-16 16:21:16,66.9672,30.3491,25.61,94,5,3.71,clear sky
386,Sayat,TM,2022-03-16 16:22:35,38.7839,63.8803,48.07,64,89,15.88,overcast clouds
387,Buala,SB,2022-03-16 16:22:36,-8.145,159.5921,78.69,82,97,3.6,light rain
388,Kayunga,UG,2022-03-16 16:22:36,0.7025,32.8886,76.62,56,90,2.17,overcast clouds
389,Maridi,SS,2022-03-16 16:22:36,4.9158,29.4742,86.95,17,64,6.8,broken clouds
390,Vienne,AT,2022-03-16 16:22:37,48.2085,16.3721,53.01,62,75,11.5,broken clouds
391,Carroll,US,2022-03-16 16:19:43,39.5501,-77.0164,67.73,33,0,3.44,clear sky
392,Koubia,GN,2022-03-16 16:22:38,11.5833,-11.9,94.75,12,80,5.46,broken clouds
393,Rocha,UY,2022-03-16 16:22:38,-34.4833,-54.3333,83.7,30,0,9.57,clear sky
394,Acajutla,SV,2022-03-16 16:22:39,13.5928,-89.8275,87.76,51,5,6.62,clear sky
395,El Tigre,VE,2022-03-16 16:22:39,8.8875,-64.2454,82.67,57,88,15.41,overcast clouds
396,Mayo,US,2022-03-16 16:22:39,38.8876,-76.5119,71.71,57,0,4.61,clear sky
397,Muros,ES,2022-03-16 16:22:40,42.7762,-9.0603,57.69,73,61,19.1,broken clouds
398,Srostki,RU,2022-03-16 16:22:40,52.4189,85.7022,14.5,97,100,3.18,light snow
399,Port Hardy,CA,2022-03-16 16:22:41,50.6996,-127.4199,42.8,100,75,2.3,broken clouds
400,Great Bend,US,2022-03-16 16:22:41,38.3645,-98.7648,62.04,39,0,16.11,clear sky
401,Hambantota,LK,2022-03-16 16:22:41,6.1241,81.1185,78.87,77,100,8.16,overcast clouds
402,Kaeo,NZ,2022-03-16 16:22:42,-35.1,173.7833,63.32,91,100,6.69,overcast clouds
403,Sobolevo,RU,2022-03-16 16:22:42,54.4299,31.8996,20.95,89,52,3.83,broken clouds
404,Copiapo,CL,2022-03-16 16:22:43,-27.3667,-70.3333,67.69,40,100,4.97,overcast clouds
405,Ambilobe,MG,2022-03-16 16:22:43,-13.2,49.05,75.61,94,100,1.3,light rain
406,Khuzhir,RU,2022-03-16 16:22:43,53.1939,107.3397,-2.27,91,30,6.82,scattered clouds
407,Cayenne,GF,2022-03-16 16:22:44,4.9333,-52.3333,85.08,1,75,14.97,broken clouds
408,Kannur,IN,2022-03-16 16:22:44,11.8675,75.3576,80.67,78,100,5.21,overcast clouds
409,Orel-Izumrud,RU,2022-03-16 16:22:45,43.4583,39.9244,39.02,75,75,7.0,broken clouds
410,Kuvshinovo,RU,2022-03-16 16:22:45,57.0295,34.1725,20.8,92,63,3.0,broken clouds
411,Tambacounda,SN,2022-03-16 16:22:46,13.7539,-13.7586,100.62,9,78,6.73,broken clouds
412,Murmashi,RU,2022-03-16 16:22:46,68.8154,32.8115,36.01,55,0,7.0,clear sky
413,Haines Junction,CA,2022-03-16 16:22:46,60.7522,-137.5108,31.95,69,100,6.91,overcast clouds
414,Nyagan,RU,2022-03-16 16:22:47,62.1406,65.3936,23.23,93,100,9.22,overcast clouds
415,Shaunavon,CA,2022-03-16 16:19:40,49.6501,-108.4181,35.38,81,87,11.88,overcast clouds
416,Fairbanks,US,2022-03-16 16:23:48,64.8378,-147.7164,8.56,63,0,9.22,clear sky
417,Humaita,BR,2022-03-16 16:23:48,-7.5061,-63.0208,84.18,74,67,0.76,light rain
418,Sinop,TR,2022-03-16 16:23:48,41.7711,34.8709,31.23,94,89,1.81,overcast clouds
419,Sawtell,AU,2022-03-16 16:23:49,-30.3833,153.1,68.02,88,40,8.43,light rain
420,Sovetskiy,RU,2022-03-16 16:19:15,61.3614,63.5842,21.9,84,100,9.89,overcast clouds
421,Arman,RU,2022-03-16 16:23:49,59.7,150.1667,9.34,81,100,6.22,overcast clouds
422,Salekhard,RU,2022-03-16 16:23:50,66.53,66.6019,20.79,89,100,5.91,overcast clouds
423,Golden,US,2022-03-16 16:23:50,39.7555,-105.2211,50.09,42,75,5.75,broken clouds
424,Port-Gentil,GA,2022-03-16 16:20:53,-0.7193,8.7815,82.11,76,56,10.71,broken clouds
425,Hamilton,US,2022-03-16 16:20:58,39.1834,-84.5333,66.78,42,75,11.5,broken clouds
426,Nanchang,CN,2022-03-16 16:23:51,28.6833,115.8833,71.71,87,100,4.92,overcast clouds
427,Lufilufi,WS,2022-03-16 16:23:51,-13.8745,-171.5986,76.78,77,60,11.43,light rain
428,Sabang,ID,2022-03-16 16:23:52,5.8933,95.3214,80.73,81,100,16.4,light rain
429,Florianopolis,BR,2022-03-16 16:23:52,-27.6146,-48.5012,74.37,82,75,11.5,broken clouds
430,Portland,US,2022-03-16 16:21:33,45.5234,-122.6762,48.36,89,75,7.0,broken clouds
431,Kupino,RU,2022-03-16 16:23:53,54.3663,77.2981,-3.44,100,39,4.9,scattered clouds
432,Olot,ES,2022-03-16 16:23:54,42.181,2.4901,60.55,71,100,6.64,overcast clouds
433,Xinzhou,CN,2022-03-16 16:23:54,38.4092,112.7333,40.69,60,100,6.08,overcast clouds
434,Fomboni,KM,2022-03-16 16:23:54,-12.28,43.7425,83.01,73,75,7.4,broken clouds
435,Fortuna,US,2022-03-16 16:23:55,40.5982,-124.1573,45.93,97,100,1.01,overcast clouds
436,Tabou,CI,2022-03-16 16:23:55,4.423,-7.3528,83.53,71,100,6.49,overcast clouds
437,Anamur,TR,2022-03-16 16:23:56,36.0751,32.8369,49.51,59,18,6.73,few clouds
438,Marseille,FR,2022-03-16 16:23:30,43.3333,5.5,59.67,66,100,4.0,overcast clouds
439,Diu,IN,2022-03-16 16:23:57,20.7141,70.9822,78.94,62,0,10.8,clear sky
440,Yulara,AU,2022-03-16 16:23:57,-25.2406,130.9889,78.64,29,61,8.05,broken clouds
441,Bassar,TG,2022-03-16 16:23:57,9.25,0.7833,98.47,24,88,7.29,overcast clouds
442,Maun,BW,2022-03-16 16:23:58,-19.9833,23.4167,78.13,65,100,4.29,overcast clouds
443,Lavrentiya,RU,2022-03-16 16:23:58,65.5833,-171.0,-4.59,85,3,7.27,clear sky
444,Namibe,AO,2022-03-16 16:23:59,-15.1961,12.1522,75.4,65,17,11.01,few clouds
445,Ballina,AU,2022-03-16 16:23:59,-28.8667,153.5667,69.01,99,50,7.67,scattered clouds
446,Ailigandi,PA,2022-03-16 16:23:59,9.2333,-78.0167,82.38,72,95,7.52,overcast clouds
447,Charters Towers,AU,2022-03-16 16:24:00,-20.1,146.2667,71.33,81,100,6.53,overcast clouds
448,Gizo,SB,2022-03-16 16:24:00,-8.103,156.8419,80.2,77,99,6.15,overcast clouds
449,Yarke Pole,UA,2022-03-16 16:24:01,45.608,34.3172,30.97,66,8,7.99,clear sky
450,Mao,ES,2022-03-16 16:24:01,39.8885,4.2658,59.56,88,75,18.41,broken clouds
451,Araouane,ML,2022-03-16 16:24:02,18.9048,-3.5265,87.8,12,20,6.87,few clouds
452,Sinazongwe,ZM,2022-03-16 16:24:02,-17.2614,27.4618,81.37,73,85,9.08,light rain
453,Luderitz,NA,2022-03-16 16:24:03,-26.6481,15.1594,69.69,65,16,23.06,few clouds
454,Mlandizi,TZ,2022-03-16 16:24:03,-6.7,38.7333,81.73,71,23,9.73,few clouds
455,Price,US,2022-03-16 16:24:04,39.5994,-110.8107,41.11,87,100,8.05,overcast clouds
456,Kalmunai,LK,2022-03-16 16:24:05,7.4167,81.8167,78.04,86,100,2.95,overcast clouds
457,Saint Anthony,US,2022-03-16 16:24:05,45.0205,-93.218,53.15,58,0,12.66,clear sky
458,Benghazi,LY,2022-03-16 16:24:05,32.1167,20.0667,56.17,49,0,5.14,clear sky
459,Yoichi,JP,2022-03-16 16:24:06,43.2039,140.7703,35.56,87,97,6.26,overcast clouds
460,Belle Fourche,US,2022-03-16 16:25:06,44.6714,-103.8522,52.09,37,100,17.36,overcast clouds
461,Betanzos,ES,2022-03-16 16:25:07,43.2804,-8.2147,55.76,80,75,13.0,broken clouds
462,Skibbereen,IE,2022-03-16 16:25:07,51.55,-9.2667,48.11,57,11,10.31,few clouds
463,Mackay,AU,2022-03-16 16:25:08,-21.15,149.2,76.68,83,75,10.36,broken clouds
464,Sao Joao Da Barra,BR,2022-03-16 16:25:08,-21.6403,-41.0511,89.69,73,3,16.11,clear sky
465,Hima,UG,2022-03-16 16:25:09,0.2958,30.1804,78.31,52,97,1.28,overcast clouds
466,Jiayuguan,CN,2022-03-16 16:25:09,39.8167,98.3,35.62,73,83,5.53,light rain
467,Mongo,TD,2022-03-16 16:25:09,12.1844,18.693,92.23,8,11,12.39,few clouds
468,Envira,BR,2022-03-16 16:25:10,-7.3,-70.2167,83.23,66,93,3.27,overcast clouds
469,Tarabuco,BO,2022-03-16 16:25:10,-19.1667,-64.9167,57.31,37,81,3.78,broken clouds
470,Yei,SS,2022-03-16 16:25:11,4.095,30.6779,85.14,23,86,5.64,overcast clouds
471,Kyabram,AU,2022-03-16 16:25:11,-36.3167,145.05,61.74,75,70,8.43,broken clouds
472,Silopi,TR,2022-03-16 16:25:12,37.2497,42.4694,40.95,58,44,5.3,scattered clouds
473,Ayotzintepec,MX,2022-03-16 16:25:13,17.6667,-96.1333,80.62,59,72,3.11,broken clouds
474,Umm Lajj,SA,2022-03-16 16:25:13,25.0213,37.2685,67.05,43,0,22.59,clear sky
475,Stadskanaal,NL,2022-03-16 16:25:13,52.9833,6.95,56.17,58,42,5.01,scattered clouds
476,Anuppur,IN,2022-03-16 16:25:14,23.1,81.6833,77.2,14,20,4.03,few clouds
477,Panjab,AF,2022-03-16 16:25:14,34.388,67.0233,32.81,80,49,3.33,scattered clouds
478,Ginda,IN,2022-03-16 16:25:15,30.6945,78.4932,60.39,30,0,8.08,clear sky
479,Trelew,AR,2022-03-16 16:22:22,-43.249,-65.3051,85.28,13,0,5.97,clear sky
480,Chara,RU,2022-03-16 16:25:15,56.9064,118.2631,-19.28,75,74,2.21,broken clouds
481,Reconquista,AR,2022-03-16 16:25:16,-29.15,-59.65,81.88,45,0,4.65,clear sky
482,Damietta,EG,2022-03-16 16:25:16,31.4165,31.8133,55.29,51,2,7.99,clear sky
483,Kankakee,US,2022-03-16 16:25:17,41.15,-87.8667,64.11,68,100,11.5,overcast clouds
484,Uyaan,PH,2022-03-16 16:25:17,7.8631,124.0411,64.38,95,91,2.73,overcast clouds
485,Ringebu,NO,2022-03-16 16:25:18,61.5167,10.1667,34.41,96,97,7.47,overcast clouds
486,Darayya,SY,2022-03-16 16:25:18,33.459,36.2374,47.16,40,1,4.18,clear sky
487,Half Moon Bay,US,2022-03-16 16:25:18,37.4636,-122.4286,56.05,83,75,6.91,mist
488,Yeppoon,AU,2022-03-16 16:25:19,-23.1333,150.7333,69.58,82,41,12.55,scattered clouds
489,Ostrovnoy,RU,2022-03-16 16:25:19,68.0531,39.5131,26.08,84,6,10.74,clear sky
490,Puerto Guzman,CO,2022-03-16 16:25:20,0.9703,-76.5858,82.36,68,96,0.76,overcast clouds
491,Makokou,GA,2022-03-16 16:25:20,0.5738,12.8642,81.21,72,100,2.8,light rain
492,Zhigalovo,RU,2022-03-16 16:25:21,54.8097,105.1578,-9.8,100,91,1.3,overcast clouds
493,Beihai,CN,2022-03-16 16:25:21,21.4833,109.1,70.9,85,100,5.66,overcast clouds
494,Minador Do Negrao,BR,2022-03-16 16:25:22,-9.3053,-36.8647,91.35,41,67,12.55,broken clouds
495,Dingle,PH,2022-03-16 16:25:22,10.9995,122.6711,77.94,88,86,6.58,overcast clouds
496,Sangar,RU,2022-03-16 16:25:23,63.9242,127.4739,-19.48,97,99,2.15,overcast clouds
497,Mwinilunga,ZM,2022-03-16 16:25:23,-11.7358,24.4293,67.95,93,100,3.51,overcast clouds
498,Gravdal,NO,2022-03-16 16:25:24,68.1214,13.5031,40.89,70,75,24.16,light intensity shower rain
499,Ratnagiri,IN,2022-03-16 16:25:24,16.9833,73.3,79.9,76,4,6.58,clear sky
500,Cloquet,US,2022-03-16 16:20:49,46.7216,-92.4594,42.19,74,0,8.05,light rain
501,Takhtamygda,RU,2022-03-16 16:25:25,54.1,123.5667,5.86,75,100,10.0,overcast clouds
502,Sibu,MY,2022-03-16 16:25:25,2.3,111.8167,79.11,94,40,0.0,scattered clouds
503,Tankhoy,RU,2022-03-16 16:25:26,51.5528,105.1306,5.81,93,70,4.07,broken clouds
504,Vavoua,CI,2022-03-16 16:25:26,7.3819,-6.4778,94.12,38,43,3.53,scattered clouds
505,Praia,CV,2022-03-16 16:25:27,14.9215,-23.5087,75.74,50,20,24.16,few clouds
506,Alice Springs,AU,2022-03-16 16:25:27,-23.7,133.8833,83.75,28,54,0.0,broken clouds
507,Caravelas,BR,2022-03-16 16:26:28,-17.7125,-39.2481,86.4,57,13,10.38,few clouds
508,Bilibino,RU,2022-03-16 16:26:28,68.0546,166.4372,-18.98,100,100,2.73,overcast clouds
509,Sarankhola,BD,2022-03-16 16:26:28,22.3082,89.7897,75.22,71,4,5.35,clear sky
510,Okha,RU,2022-03-16 16:26:29,53.5739,142.9478,20.61,92,100,7.76,overcast clouds
511,Raga,SS,2022-03-16 16:26:29,8.4596,25.678,85.96,11,58,8.48,broken clouds
512,Lloydminster,CA,2022-03-16 16:24:22,53.2835,-110.0016,32.22,69,40,17.27,scattered clouds
513,Loa Janan,ID,2022-03-16 16:26:30,-0.583,117.095,73.92,99,32,0.47,scattered clouds
514,Loreto,MX,2022-03-16 16:24:29,22.2667,-101.9667,64.24,39,4,10.51,clear sky
515,Sur,OM,2022-03-16 16:26:30,22.5667,59.5289,81.19,51,3,1.12,clear sky
516,Sumenep,ID,2022-03-16 16:26:31,-7.0167,113.8667,80.15,82,71,4.29,broken clouds
517,Dombarovskiy,RU,2022-03-16 16:26:31,50.7587,59.5386,5.92,93,70,13.29,broken clouds
518,Mushie,CD,2022-03-16 16:26:32,-3.0167,16.9,74.64,86,97,8.03,moderate rain
519,Mayahi,NE,2022-03-16 16:26:32,13.9553,7.6712,94.91,8,96,15.46,overcast clouds
520,Manta,EC,2022-03-16 16:23:33,-0.95,-80.7333,83.98,79,20,5.75,few clouds
521,Ribeira Grande,PT,2022-03-16 16:26:33,38.5167,-28.7,61.2,59,75,13.8,broken clouds
522,Henties Bay,NA,2022-03-16 16:26:33,-22.116,14.2845,65.55,72,2,10.56,clear sky
523,Kathmandu,NP,2022-03-16 16:26:34,27.7167,85.3167,66.42,82,20,3.44,few clouds
524,Port Hedland,AU,2022-03-16 16:26:34,-20.3167,118.5667,87.85,74,40,6.91,scattered clouds
525,Varzea Grande,BR,2022-03-16 16:26:35,-15.6467,-56.1325,85.87,54,0,2.3,clear sky
526,Narang,PK,2022-03-16 16:26:35,31.9132,74.5176,82.36,41,0,8.46,clear sky
527,Xiuyan,CN,2022-03-16 16:26:35,40.2928,123.2744,27.61,43,100,15.1,overcast clouds
528,Yinchuan,CN,2022-03-16 16:26:36,38.4681,106.2731,53.28,26,71,10.58,moderate rain
529,Magdagachi,RU,2022-03-16 16:26:36,53.45,125.8,9.07,94,100,8.88,light snow
530,Sandnessjoen,NO,2022-03-16 16:26:37,66.0217,12.6316,44.71,56,75,18.41,broken clouds
531,Putyatino,RU,2022-03-16 16:26:37,54.16,41.1169,18.1,82,23,11.18,few clouds
532,Valley City,US,2022-03-16 16:23:02,46.9233,-98.0032,41.52,87,20,10.36,few clouds
533,Clifton,US,2022-03-16 16:24:29,40.8584,-74.1638,65.48,48,0,6.91,clear sky
534,Yuli,NG,2022-03-16 16:26:38,9.6989,10.2744,100.15,9,63,10.02,broken clouds
535,Christchurch,NZ,2022-03-16 16:26:39,-43.5333,172.6333,51.94,85,100,1.14,overcast clouds
536,Aksu,CN,2022-03-16 16:26:39,41.1231,80.2644,54.16,38,69,7.07,broken clouds
537,Waingapu,ID,2022-03-16 16:26:39,-9.6567,120.2641,79.39,86,32,4.5,scattered clouds
538,Almunecar,ES,2022-03-16 16:26:40,36.7339,-3.6907,59.68,85,100,3.36,overcast clouds
539,Aktash,RU,2022-03-16 16:26:40,50.3,87.7333,-6.27,91,71,1.63,broken clouds
540,Sambava,MG,2022-03-16 16:26:41,-14.2667,50.1667,78.91,88,67,5.35,light rain
541,Ixtapa,MX,2022-03-16 16:22:47,20.7,-105.2,74.43,60,0,2.3,clear sky
542,Acarau,BR,2022-03-16 16:26:41,-2.8856,-40.12,81.46,77,97,5.68,overcast clouds
543,Kushmurun,KZ,2022-03-16 16:26:42,52.4503,64.6311,-0.98,98,18,7.18,few clouds
544,Savannah Bight,HN,2022-03-16 16:26:42,16.45,-85.85,79.99,75,13,12.39,few clouds
545,Palmer,US,2022-03-16 16:26:43,42.1584,-72.3287,55.24,76,20,0.0,few clouds
546,Yarada,IN,2022-03-16 16:26:43,17.65,83.2667,82.72,74,20,4.61,mist
547,Sept-Iles,CA,2022-03-16 16:23:34,50.2001,-66.3821,24.06,83,100,10.36,overcast clouds
548,Monaghan,IE,2022-03-16 16:26:44,54.25,-6.9667,49.39,61,65,7.63,broken clouds
549,Nago,JP,2022-03-16 16:26:44,26.5881,127.9761,70.65,82,100,10.02,overcast clouds
550,Ateli,IN,2022-03-16 16:26:44,28.1,76.2833,84.6,17,91,9.98,overcast clouds
551,Eidsvag,NO,2022-03-16 16:26:45,62.7767,8.0668,50.65,79,98,7.34,overcast clouds
552,Puerto Escondido,MX,2022-03-16 16:26:45,15.85,-97.0667,83.23,78,0,5.75,clear sky
553,Pagegiai,LT,2022-03-16 16:26:46,55.1381,21.9089,46.0,59,0,6.55,clear sky
554,Takanosu,JP,2022-03-16 16:27:46,40.2219,140.3694,32.92,99,93,0.4,snow
555,Dali,CN,2022-03-16 16:27:46,25.7,100.1833,56.41,53,0,6.4,clear sky
556,Taber,CA,2022-03-16 16:27:47,49.8167,-112.1518,44.44,50,78,16.11,broken clouds
557,Gubkinskiy,RU,2022-03-16 16:27:47,64.434,76.5026,17.15,97,95,9.69,overcast clouds
558,Eldorado,BR,2022-03-16 16:27:48,-23.7869,-54.2836,84.42,47,0,4.21,clear sky
559,Valdemarpils,LV,2022-03-16 16:27:48,57.3707,22.5919,41.29,68,1,5.75,clear sky
560,Hit,IQ,2022-03-16 16:27:49,33.6416,42.8251,51.96,21,0,11.88,clear sky
561,Edgemoor,US,2022-03-16 16:23:07,39.7501,-75.4996,68.45,44,0,5.75,clear sky
562,Kimbe,PG,2022-03-16 16:27:50,-5.5502,150.1429,76.69,92,83,3.31,broken clouds
563,Hayden,US,2022-03-16 16:27:50,47.766,-116.7866,40.96,83,75,8.05,broken clouds
564,Staryy Nadym,RU,2022-03-16 16:27:50,65.6118,72.6842,21.54,93,98,13.09,overcast clouds
565,Aksarka,RU,2022-03-16 16:27:51,66.5606,67.7975,16.16,97,99,4.43,overcast clouds
566,Carndonagh,IE,2022-03-16 16:27:51,55.25,-7.2667,47.82,68,64,12.77,broken clouds
567,Amparafaravola,MG,2022-03-16 16:27:52,-17.5833,48.2167,70.14,96,88,4.97,moderate rain
568,Guerrero Negro,MX,2022-03-16 16:27:52,27.9769,-114.0611,63.0,74,2,14.81,clear sky
569,Kisangani,CD,2022-03-16 16:25:22,0.5167,25.2,87.87,51,77,4.81,broken clouds
570,Orlik,RU,2022-03-16 16:27:53,52.5178,99.825,-7.69,93,87,2.42,overcast clouds
571,Linhares,BR,2022-03-16 16:27:53,-19.3911,-40.0722,87.93,54,30,5.08,scattered clouds
572,Ler,SS,2022-03-16 16:27:54,8.3018,30.1418,91.36,11,47,6.49,scattered clouds
573,Lipari,IT,2022-03-16 16:27:55,38.4674,14.954,58.32,69,100,7.67,overcast clouds
574,Shache,CN,2022-03-16 16:27:55,38.4167,77.2406,69.71,22,86,12.46,overcast clouds
575,Kutum,SD,2022-03-16 16:27:56,14.2,24.6667,69.4,11,0,15.3,clear sky
576,Farmington,US,2022-03-16 16:25:43,36.7281,-108.2187,49.21,41,20,8.05,few clouds
577,Wanning,CN,2022-03-16 16:27:56,18.8003,110.3967,72.68,93,27,4.36,scattered clouds
578,Okahandja,NA,2022-03-16 16:27:57,-21.9833,16.9167,82.81,24,2,10.67,clear sky
579,Plettenberg Bay,ZA,2022-03-16 16:27:57,-34.0527,23.3716,66.24,74,24,4.03,few clouds
580,Muisne,EC,2022-03-16 16:27:57,0.6,-80.0333,81.27,75,54,3.0,light rain
581,Kolpny,RU,2022-03-16 16:27:58,52.2282,37.0368,12.24,91,79,7.34,broken clouds
582,Sivas,TR,2022-03-16 16:27:58,39.7916,37.0019,27.23,74,75,10.36,broken clouds
583,Kahului,US,2022-03-16 16:27:59,20.8947,-156.47,76.84,82,0,8.01,clear sky
584,Balkhash,KZ,2022-03-16 16:27:59,46.844,74.9804,24.13,53,92,19.66,overcast clouds
585,Mlalo,TZ,2022-03-16 16:28:00,-4.9333,38.9333,78.94,78,15,7.58,light rain
586,Xuddur,SO,2022-03-16 16:28:00,4.1213,43.8894,88.21,19,9,10.27,clear sky
587,Urumqi,CN,2022-03-16 16:28:00,43.801,87.6005,36.55,87,0,2.24,clear sky
588,Chifeng,CN,2022-03-16 16:28:01,42.2683,118.9636,19.83,44,56,4.72,broken clouds
589,Srednekolymsk,RU,2022-03-16 16:28:01,67.45,153.6833,-22.5,100,81,2.71,broken clouds
590,Ayagoz,KZ,2022-03-16 16:28:02,47.9714,80.4392,4.33,96,31,8.39,scattered clouds
591,Upington,ZA,2022-03-16 16:28:02,-28.4478,21.2561,84.58,20,20,4.61,few clouds
592,Pitmoaga,BF,2022-03-16 16:28:03,12.2397,-1.8767,102.36,16,48,2.71,scattered clouds
593,Shimoda,JP,2022-03-16 16:28:03,34.6667,138.95,55.11,48,32,10.71,scattered clouds
594,Beringovskiy,RU,2022-03-16 16:28:04,63.05,179.3167,-12.08,92,20,5.64,few clouds
595,Kiboga,UG,2022-03-16 16:28:04,0.9161,31.7742,76.87,44,78,2.51,broken clouds
596,Calbuco,CL,2022-03-16 16:29:05,-41.768,-73.1273,63.61,79,100,11.12,overcast clouds
597,Stejaru,RO,2022-03-16 16:29:05,44.7667,28.55,38.21,79,100,14.43,overcast clouds
598,Darnah,LY,2022-03-16 16:29:06,32.767,22.6367,54.81,66,0,9.15,clear sky
599,Feldkirchen,DE,2022-03-16 16:29:06,48.148,11.7434,51.13,75,42,5.01,scattered clouds
600,Cap Malheureux,MU,2022-03-16 16:29:07,-19.9842,57.6142,80.47,86,56,6.13,broken clouds
601,Acapulco,MX,2022-03-16 16:29:07,16.8634,-99.8901,82.22,69,0,0.0,clear sky
602,Marquette,US,2022-03-16 16:29:08,46.5333,-87.6335,42.24,98,100,8.43,overcast clouds
603,Matara,LK,2022-03-16 16:29:08,5.9485,80.5353,78.26,86,100,6.2,moderate rain
604,Echternach,LU,2022-03-16 16:29:08,49.8056,6.4222,53.37,86,50,8.95,scattered clouds
605,Batagay,RU,2022-03-16 16:29:09,67.6333,134.6333,-23.64,98,46,2.71,scattered clouds
606,Barroquinha,BR,2022-03-16 16:29:09,-3.0189,-41.1361,79.99,80,100,6.69,light rain
607,Poya,NC,2022-03-16 16:29:10,-21.35,165.15,78.66,86,100,2.86,moderate rain
608,Jiangyou,CN,2022-03-16 16:29:11,31.7667,104.7167,66.96,75,100,2.64,light rain
609,Mardin,TR,2022-03-16 16:29:11,37.3131,40.7436,32.76,50,0,14.79,clear sky
610,Talavera De La Reina,ES,2022-03-16 16:29:12,39.9635,-4.8308,61.23,58,100,5.64,overcast clouds
611,Ranong,TH,2022-03-16 16:29:12,9.9658,98.6348,78.67,82,86,3.62,overcast clouds
612,Mugur-Aksy,RU,2022-03-16 16:29:13,50.35,90.5,-0.53,92,31,7.61,scattered clouds
613,Savelugu,GH,2022-03-16 16:29:13,9.6244,-0.8253,102.94,21,52,6.96,broken clouds
614,Salyan,AZ,2022-03-16 16:29:13,39.5936,48.9805,41.38,69,68,7.74,broken clouds
615,Maniitsoq,GL,2022-03-16 16:29:14,65.4167,-52.9,-0.76,86,100,10.29,light snow
616,Barcelos,PT,2022-03-16 16:26:01,41.5388,-8.6151,60.94,63,84,15.64,broken clouds
617,Havoysund,NO,2022-03-16 16:29:14,70.9963,24.6622,32.23,69,6,15.86,clear sky
618,Dolinsk,RU,2022-03-16 16:29:15,47.35,142.8,26.08,98,100,5.19,light snow
619,Alamos,MX,2022-03-16 16:29:16,27.0167,-108.9333,78.19,13,98,2.66,overcast clouds
620,Ghanzi,BW,2022-03-16 16:29:16,-21.5667,21.7833,81.43,32,36,7.81,scattered clouds
621,Denizli,TR,2022-03-16 16:29:16,37.8402,29.0698,46.54,55,64,1.7,broken clouds
622,Amga,RU,2022-03-16 16:29:17,60.8953,131.9608,3.56,96,100,6.78,light snow
623,Salina,US,2022-03-16 16:29:17,38.8403,-97.6114,63.3,44,0,17.27,clear sky
624,Vung Tau,VN,2022-03-16 16:29:18,10.346,107.0843,78.67,82,97,13.91,overcast clouds
625,Makakilo City,US,2022-03-16 16:27:14,21.3469,-158.0858,74.28,84,0,3.44,clear sky
626,Zaranj,AF,2022-03-16 16:29:19,30.9667,61.8833,80.56,8,0,7.47,clear sky
627,Victor Harbor,AU,2022-03-16 16:29:19,-35.5667,138.6167,68.13,79,96,4.65,overcast clouds
628,Changji,CN,2022-03-16 16:29:19,44.0167,87.3167,39.99,87,0,2.24,clear sky
629,San Policarpo,PH,2022-03-16 16:29:20,12.1791,125.5072,80.65,85,100,6.71,heavy intensity rain
630,Linjiang,CN,2022-03-16 16:29:20,41.8069,126.9078,20.48,77,82,3.31,broken clouds
631,San Andres,CO,2022-03-16 16:29:21,12.5847,-81.7006,86.02,66,20,16.11,few clouds
632,Devarkonda,IN,2022-03-16 16:29:21,16.7,78.9333,87.24,16,58,1.36,broken clouds
633,Kuzino,RU,2022-03-16 16:29:22,57.0224,59.4412,3.24,94,11,2.17,few clouds
634,Fershampenuaz,RU,2022-03-16 16:29:22,53.5202,59.8117,-8.79,100,81,4.41,broken clouds
635,Bani,DO,2022-03-16 16:25:08,18.2833,-70.3333,84.85,47,0,13.6,clear sky
636,Saint-Ambroise,CA,2022-03-16 16:29:23,48.5501,-71.3324,30.74,100,100,10.25,light snow
637,Japura,ID,2022-03-16 16:29:23,-0.3167,102.35,75.24,96,95,2.51,overcast clouds
638,Daugai,LT,2022-03-16 16:29:24,54.3667,24.3333,41.13,69,5,7.99,clear sky
639,Qala,AZ,2022-03-16 16:29:24,40.4418,50.1681,40.89,81,0,4.61,clear sky
640,Sao Jose Da Coroa Grande,BR,2022-03-16 16:29:25,-8.8978,-35.1478,83.46,72,46,9.57,light rain
641,Cedar City,US,2022-03-16 16:27:00,37.6775,-113.0619,36.57,87,100,6.91,light rain
642,Megion,RU,2022-03-16 16:29:25,61.0296,76.1136,19.42,94,100,17.27,light snow
643,Montrose,US,2022-03-16 16:29:26,38.4166,-108.2673,40.44,42,100,4.68,overcast clouds
644,Taoudenni,ML,2022-03-16 16:30:26,22.6783,-3.9836,81.0,15,0,11.34,clear sky
645,Shenzhen,CN,2022-03-16 16:30:26,22.5455,114.0683,76.06,94,100,4.0,overcast clouds
646,Ugoofaaru,MV,2022-03-16 16:30:27,5.6667,73.0,83.44,72,96,8.03,overcast clouds
647,Hailar,CN,2022-03-16 16:30:28,49.2,119.7,-8.52,89,5,7.76,clear sky
648,Ondjiva,AO,2022-03-16 16:30:28,-17.0667,15.7333,84.24,39,40,4.61,scattered clouds
649,Touros,BR,2022-03-16 16:30:28,-5.1989,-35.4608,86.05,64,41,11.83,scattered clouds
650,Zyryanka,RU,2022-03-16 16:30:29,65.75,150.85,-25.98,100,81,4.27,broken clouds
651,Tiznit,MA,2022-03-16 16:30:29,29.5833,-9.5,55.81,80,85,16.13,overcast clouds
652,Antigonish,CA,2022-03-16 16:29:23,45.6169,-61.9986,34.83,64,100,1.99,overcast clouds
653,San Ramon,US,2022-03-16 16:30:30,37.7799,-121.978,56.52,85,0,3.44,clear sky
654,Usinsk,RU,2022-03-16 16:30:31,65.9939,57.5281,22.12,96,100,8.75,overcast clouds
655,Corinth,GR,2022-03-16 16:30:31,37.9407,22.9573,57.88,78,38,9.44,scattered clouds
656,Syamzha,RU,2022-03-16 16:30:31,60.0158,41.0614,10.6,96,63,2.37,broken clouds
657,Bilma,NE,2022-03-16 16:30:32,18.6853,12.9164,81.27,8,4,8.66,clear sky
658,Amuntai,ID,2022-03-16 16:30:32,-2.4177,115.2494,73.42,98,73,1.23,broken clouds
659,Cifuentes,CU,2022-03-16 16:30:33,22.645,-80.0461,84.51,61,20,9.22,few clouds
660,Mehamn,NO,2022-03-16 16:30:33,71.0357,27.8492,35.55,69,0,21.85,clear sky
661,Abha,SA,2022-03-16 16:28:59,18.2164,42.5053,59.25,77,20,11.5,few clouds
662,Saint-Pierre,RE,2022-03-16 16:27:55,-21.3393,55.4781,80.28,84,0,10.36,clear sky
663,Chatra,IN,2022-03-16 16:30:34,24.2167,84.8667,75.88,25,4,3.58,clear sky
664,Hirara,JP,2022-03-16 16:30:34,24.8,125.2833,72.32,79,98,16.6,overcast clouds
665,Ahipara,NZ,2022-03-16 16:30:35,-35.1667,173.1667,62.29,85,100,5.79,light rain
666,Dunedin,NZ,2022-03-16 16:30:35,-45.8742,170.5036,51.8,85,100,3.0,overcast clouds
667,Talcahuano,CL,2022-03-16 16:30:29,-36.7167,-73.1167,56.88,94,100,8.05,mist
668,Dobrinka,RU,2022-03-16 16:30:36,52.1653,40.4731,17.6,92,100,11.83,overcast clouds
669,Eureka,US,2022-03-16 16:30:36,40.8021,-124.1637,46.2,96,0,4.65,clear sky
670,Karratha,AU,2022-03-16 16:30:37,-20.7377,116.8463,89.85,59,90,6.2,overcast clouds
671,Clive,US,2022-03-16 16:30:37,41.603,-93.7241,62.29,49,20,18.41,few clouds
672,Khani,GE,2022-03-16 16:30:38,41.9563,42.9566,26.17,98,99,4.41,snow
673,Katobu,ID,2022-03-16 16:30:38,-4.9408,122.5276,75.92,92,27,0.92,scattered clouds
674,Khandyga,RU,2022-03-16 16:30:39,62.6667,135.6,-5.03,96,100,2.21,overcast clouds
675,Baoro,CF,2022-03-16 16:30:39,5.6667,15.9667,86.38,16,78,5.03,broken clouds
676,Middle Island,US,2022-03-16 16:30:40,40.8843,-72.9373,61.32,64,0,3.44,clear sky
677,Algeciras,ES,2022-03-16 16:28:04,36.1333,-5.4505,58.68,67,75,9.22,broken clouds
678,Kendari,ID,2022-03-16 16:30:41,-3.945,122.4989,76.12,92,24,3.15,few clouds
679,Altus,US,2022-03-16 16:30:41,34.6381,-99.334,65.98,29,0,12.66,clear sky
680,Youghal,IE,2022-03-16 16:30:41,51.95,-7.8506,53.1,48,15,6.62,few clouds
681,Tenabo,MX,2022-03-16 16:30:42,20.05,-90.2333,80.6,42,43,2.35,scattered clouds
682,Sinnamary,GF,2022-03-16 16:30:42,5.3833,-52.95,79.84,83,77,12.19,broken clouds
683,Quelimane,MZ,2022-03-16 16:30:43,-17.8786,36.8883,80.55,83,40,8.05,scattered clouds
684,Kati,ML,2022-03-16 16:30:43,12.7441,-8.0726,91.85,31,90,6.2,overcast clouds
685,Magole,TZ,2022-03-16 16:30:44,-6.3667,37.3667,75.9,83,80,3.31,moderate rain
686,Guliston,UZ,2022-03-16 16:30:44,40.4897,68.7842,53.55,85,58,3.18,broken clouds
687,Guliston,UZ,2022-03-16 16:30:44,40.4897,68.7842,53.55,85,58,3.18,broken clouds
